{"artist":"Frumpies","auth":"Logged In","firstName":"Anabelle","gender":"F","itemInSession":0,"lastName":"Simpson","length":134.47791,"level":"free","location":"Philadelphia-Camden-Wilmington, PA-NJ-DE-MD","method":"PUT","page":"NextSong","registration":1541044398796.0,"sessionId":455,"song":"Fuck Kitty","status":200,"ts":1541903636796,"userAgent":"\"Mozilla\/5.0 (Macintosh; Intel Mac OS X 10_9_4) AppleWebKit\/537.36 (KHTML, like Gecko) Chrome\/36.0.1985.125 Safari\/537.36\"","userId":"69"}
{"artist":"Kenny G with Peabo Bryson","auth":"Logged In","firstName":"Anabelle","gender":"F","itemInSession":1,"lastName":"Simpson","length":264.75057,"level":"free","location":"Philadelphia-Camden-Wilmington, PA-NJ-DE-MD","method":"PUT","page":"NextSong","registration":1541044398796.0,"sessionId":455,"song":"By The Time This Night Is Over","status":200,"ts":1541903770796,"userAgent":"\"Mozilla\/5.0 (Macintosh; Intel Mac OS X 10_9_4) AppleWebKit\/537.36 (KHTML, like Gecko) Chrome\/36.0.1985.125 Safari\/537.36\"","userId":"69"}
{"artist":"Biffy Clyro","auth":"Logged In","firstName":"Anabelle","gender":"F","itemInSession":2,"lastName":"Simpson","length":189.83138,"level":"free","location":"Philadelphia-Camden-Wilmington, PA-NJ-DE-MD","method":"PUT","page":"NextSong","registration":1541044398796.0,"sessionId":455,"song":"God & Satan","status":200,"ts":1541904034796,"userAgent":"\"Mozilla\/5.0 (Macintosh; Intel Mac OS X 10_9_4) AppleWebKit\/537.36 (KHTML, like Gecko) Chrome\/36.0.1985.125 Safari\/537.36\"","userId":"69"}
{"artist":null,"auth":"Logged In","firstName":"Lily","gender":"F","itemInSession":0,"lastName":"Burns","length":null,"level":"free","location":"New York-Newark-Jersey City, NY-NJ-PA","method":"GET","page":"Home","registration":1540621059796.0,"sessionId":456,"song":null,"status":200,"ts":1541910841796,"userAgent":"\"Mozilla\/5.0 (Windows NT 6.1; WOW64) AppleWebKit\/537.36 (KHTML, like Gecko) Chrome\/36.0.1985.125 Safari\/537.36\"","userId":"32"}
{"artist":"HIM","auth":"Logged In","firstName":"Lily","gender":"F","itemInSession":1,"lastName":"Burns","length":212.06159,"level":"free","location":"New York-Newark-Jersey City, NY-NJ-PA","method":"PUT","page":"NextSong","registration":1540621059796.0,"sessionId":456,"song":"Beautiful","status":200,"ts":1541910973796,"userAgent":"\"Mozilla\/5.0 (Windows NT 6.1; WOW64) AppleWebKit\/537.36 (KHTML, like Gecko) Chrome\/36.0.1985.125 Safari\/537.36\"","userId":"32"}
{"artist":"Matmos","auth":"Logged In","firstName":"Joseph","gender":"M","itemInSession":0,"lastName":"Gutierrez","length":1449.11628,"level":"free","location":"Columbia, SC","method":"PUT","page":"NextSong","registration":1540809335796.0,"sessionId":284,"song":"Supreme Balloon","status":200,"ts":1541911006796,"userAgent":"\"Mozilla\/5.0 (Macintosh; Intel Mac OS X 10_9_3) AppleWebKit\/537.75.14 (KHTML, like Gecko) Version\/7.0.3 Safari\/537.75.14\"","userId":"75"}
{"artist":"Gary Allan","auth":"Logged In","firstName":"Ryann","gender":"F","itemInSession":0,"lastName":"Smith","length":259.83955,"level":"free","location":"Palestine, TX","method":"PUT","page":"NextSong","registration":1540685147796.0,"sessionId":328,"song":"The One","status":200,"ts":1541930188796,"userAgent":"Mozilla\/5.0 (Macintosh; Intel Mac OS X 10.9; rv:31.0) Gecko\/20100101 Firefox\/31.0","userId":"92"}
{"artist":"Miracle Fortress","auth":"Logged In","firstName":"Ryann","gender":"F","itemInSession":1,"lastName":"Smith","length":200.9073,"level":"free","location":"Palestine, TX","method":"PUT","page":"NextSong","registration":1540685147796.0,"sessionId":328,"song":"Five Roses","status":200,"ts":1541930447796,"userAgent":"Mozilla\/5.0 (Macintosh; Intel Mac OS X 10.9; rv:31.0) Gecko\/20100101 Firefox\/31.0","userId":"92"}
{"artist":"Don Omar","auth":"Logged In","firstName":"Ryann","gender":"F","itemInSession":2,"lastName":"Smith","length":261.35465,"level":"free","location":"Palestine, TX","method":"PUT","page":"NextSong","registration":1540685147796.0,"sessionId":328,"song":"Cuentale","status":200,"ts":1541930647796,"userAgent":"Mozilla\/5.0 (Macintosh; Intel Mac OS X 10.9; rv:31.0) Gecko\/20100101 Firefox\/31.0","userId":"92"}
{"artist":"Jay-Z","auth":"Logged In","firstName":"Ryann","gender":"F","itemInSession":3,"lastName":"Smith","length":212.27057,"level":"free","location":"Palestine, TX","method":"PUT","page":"NextSong","registration":1540685147796.0,"sessionId":328,"song":"D'Evils","status":200,"ts":1541930908796,"userAgent":"Mozilla\/5.0 (Macintosh; Intel Mac OS X 10.9; rv:31.0) Gecko\/20100101 Firefox\/31.0","userId":"92"}
{"artist":"Red Hot Chili Peppers","auth":"Logged In","firstName":"Ryann","gender":"F","itemInSession":4,"lastName":"Smith","length":231.33995,"level":"free","location":"Palestine, TX","method":"PUT","page":"NextSong","registration":1540685147796.0,"sessionId":328,"song":"Easily (Album Version)","status":200,"ts":1541931120796,"userAgent":"Mozilla\/5.0 (Macintosh; Intel Mac OS X 10.9; rv:31.0) Gecko\/20100101 Firefox\/31.0","userId":"92"}
{"artist":null,"auth":"Logged In","firstName":"Chloe","gender":"F","itemInSession":0,"lastName":"Cuevas","length":null,"level":"free","location":"San Francisco-Oakland-Hayward, CA","method":"GET","page":"Home","registration":1540940782796.0,"sessionId":437,"song":null,"status":200,"ts":1541932052796,"userAgent":"Mozilla\/5.0 (Windows NT 5.1; rv:31.0) Gecko\/20100101 Firefox\/31.0","userId":"49"}
{"artist":"Flogging Molly","auth":"Logged In","firstName":"Chloe","gender":"F","itemInSession":1,"lastName":"Cuevas","length":361.9522,"level":"free","location":"San Francisco-Oakland-Hayward, CA","method":"PUT","page":"NextSong","registration":1540940782796.0,"sessionId":437,"song":"Rebels of the Sacred Heart","status":200,"ts":1541932063796,"userAgent":"Mozilla\/5.0 (Windows NT 5.1; rv:31.0) Gecko\/20100101 Firefox\/31.0","userId":"49"}
{"artist":"Reverend Horton Heat","auth":"Logged In","firstName":"Chloe","gender":"F","itemInSession":2,"lastName":"Cuevas","length":158.64118,"level":"free","location":"San Francisco-Oakland-Hayward, CA","method":"PUT","page":"NextSong","registration":1540940782796.0,"sessionId":437,"song":"Now_ Right Now","status":200,"ts":1541932424796,"userAgent":"Mozilla\/5.0 (Windows NT 5.1; rv:31.0) Gecko\/20100101 Firefox\/31.0","userId":"49"}
{"artist":"Sea Wolf","auth":"Logged In","firstName":"Chloe","gender":"F","itemInSession":3,"lastName":"Cuevas","length":232.61995,"level":"free","location":"San Francisco-Oakland-Hayward, CA","method":"PUT","page":"NextSong","registration":1540940782796.0,"sessionId":437,"song":"I Made A Resolution","status":200,"ts":1541932582796,"userAgent":"Mozilla\/5.0 (Windows NT 5.1; rv:31.0) Gecko\/20100101 Firefox\/31.0","userId":"49"}
{"artist":"Jason Mraz & Colbie Caillat","auth":"Logged In","firstName":"Chloe","gender":"F","itemInSession":4,"lastName":"Cuevas","length":189.6224,"level":"free","location":"San Francisco-Oakland-Hayward, CA","method":"PUT","page":"NextSong","registration":1540940782796.0,"sessionId":437,"song":"Lucky (Album Version)","status":200,"ts":1541932814796,"userAgent":"Mozilla\/5.0 (Windows NT 5.1; rv:31.0) Gecko\/20100101 Firefox\/31.0","userId":"49"}
{"artist":"Jamie Lidell","auth":"Logged In","firstName":"Chloe","gender":"F","itemInSession":5,"lastName":"Cuevas","length":175.25506,"level":"free","location":"San Francisco-Oakland-Hayward, CA","method":"PUT","page":"NextSong","registration":1540940782796.0,"sessionId":437,"song":"Enough\u0019s Enough","status":200,"ts":1541933003796,"userAgent":"Mozilla\/5.0 (Windows NT 5.1; rv:31.0) Gecko\/20100101 Firefox\/31.0","userId":"49"}
{"artist":"Feist","auth":"Logged In","firstName":"Chloe","gender":"F","itemInSession":6,"lastName":"Cuevas","length":212.79302,"level":"free","location":"San Francisco-Oakland-Hayward, CA","method":"PUT","page":"NextSong","registration":1540940782796.0,"sessionId":437,"song":"Mushaboom (Postal Service Mix)","status":200,"ts":1541933178796,"userAgent":"Mozilla\/5.0 (Windows NT 5.1; rv:31.0) Gecko\/20100101 Firefox\/31.0","userId":"49"}
{"artist":null,"auth":"Logged In","firstName":"Chloe","gender":"F","itemInSession":7,"lastName":"Cuevas","length":null,"level":"free","location":"San Francisco-Oakland-Hayward, CA","method":"PUT","page":"Logout","registration":1540940782796.0,"sessionId":437,"song":null,"status":307,"ts":1541933179796,"userAgent":"Mozilla\/5.0 (Windows NT 5.1; rv:31.0) Gecko\/20100101 Firefox\/31.0","userId":"49"}
{"artist":null,"auth":"Logged Out","firstName":null,"gender":null,"itemInSession":8,"lastName":null,"length":null,"level":"free","location":null,"method":"GET","page":"Home","registration":null,"sessionId":437,"song":null,"status":200,"ts":1541933298796,"userAgent":null,"userId":""}
{"artist":null,"auth":"Logged Out","firstName":null,"gender":null,"itemInSession":9,"lastName":null,"length":null,"level":"free","location":null,"method":"GET","page":"Home","registration":null,"sessionId":437,"song":null,"status":200,"ts":1541934031796,"userAgent":null,"userId":""}
{"artist":null,"auth":"Logged Out","firstName":null,"gender":null,"itemInSession":10,"lastName":null,"length":null,"level":"free","location":null,"method":"PUT","page":"Login","registration":null,"sessionId":437,"song":null,"status":307,"ts":1541934032796,"userAgent":null,"userId":""}
{"artist":null,"auth":"Logged In","firstName":"Chloe","gender":"F","itemInSession":11,"lastName":"Cuevas","length":null,"level":"free","location":"San Francisco-Oakland-Hayward, CA","method":"GET","page":"Home","registration":1540940782796.0,"sessionId":437,"song":null,"status":200,"ts":1541934168796,"userAgent":"Mozilla\/5.0 (Windows NT 5.1; rv:31.0) Gecko\/20100101 Firefox\/31.0","userId":"49"}
{"artist":"Sex Slaves","auth":"Logged In","firstName":"Chloe","gender":"F","itemInSession":12,"lastName":"Cuevas","length":175.51628,"level":"free","location":"San Francisco-Oakland-Hayward, CA","method":"PUT","page":"NextSong","registration":1540940782796.0,"sessionId":437,"song":"We're Going Out Tonight","status":200,"ts":1541934891796,"userAgent":"Mozilla\/5.0 (Windows NT 5.1; rv:31.0) Gecko\/20100101 Firefox\/31.0","userId":"49"}
{"artist":null,"auth":"Logged In","firstName":"Chloe","gender":"F","itemInSession":0,"lastName":"Cuevas","length":null,"level":"free","location":"San Francisco-Oakland-Hayward, CA","method":"GET","page":"Home","registration":1540940782796.0,"sessionId":469,"song":null,"status":200,"ts":1541943439796,"userAgent":"Mozilla\/5.0 (Windows NT 5.1; rv:31.0) Gecko\/20100101 Firefox\/31.0","userId":"49"}
{"artist":"Rise Against","auth":"Logged In","firstName":"Chloe","gender":"F","itemInSession":1,"lastName":"Cuevas","length":169.482,"level":"free","location":"San Francisco-Oakland-Hayward, CA","method":"PUT","page":"NextSong","registration":1540940782796.0,"sessionId":469,"song":"To Them These Streets Belong","status":200,"ts":1541943682796,"userAgent":"Mozilla\/5.0 (Windows NT 5.1; rv:31.0) Gecko\/20100101 Firefox\/31.0","userId":"49"}
{"artist":null,"auth":"Logged In","firstName":"Mohammad","gender":"M","itemInSession":0,"lastName":"Rodriguez","length":null,"level":"free","location":"Sacramento--Roseville--Arden-Arcade, CA","method":"GET","page":"Home","registration":1540511766796.0,"sessionId":441,"song":null,"status":200,"ts":1541944080796,"userAgent":"\"Mozilla\/5.0 (Macintosh; Intel Mac OS X 10_9_4) AppleWebKit\/537.36 (KHTML, like Gecko) Chrome\/36.0.1985.143 Safari\/537.36\"","userId":"88"}
{"artist":"Beyonc\u00c3\u0083\u00c2\u00a9","auth":"Logged In","firstName":"Mohammad","gender":"M","itemInSession":1,"lastName":"Rodriguez","length":359.54893,"level":"free","location":"Sacramento--Roseville--Arden-Arcade, CA","method":"PUT","page":"NextSong","registration":1540511766796.0,"sessionId":441,"song":"Get Me Bodied","status":200,"ts":1541944343796,"userAgent":"\"Mozilla\/5.0 (Macintosh; Intel Mac OS X 10_9_4) AppleWebKit\/537.36 (KHTML, like Gecko) Chrome\/36.0.1985.143 Safari\/537.36\"","userId":"88"}
{"artist":"Nate Dogg","auth":"Logged In","firstName":"Mohammad","gender":"M","itemInSession":2,"lastName":"Rodriguez","length":356.38812,"level":"free","location":"Sacramento--Roseville--Arden-Arcade, CA","method":"PUT","page":"NextSong","registration":1540511766796.0,"sessionId":441,"song":"Never Leave Me Alone","status":200,"ts":1541944702796,"userAgent":"\"Mozilla\/5.0 (Macintosh; Intel Mac OS X 10_9_4) AppleWebKit\/537.36 (KHTML, like Gecko) Chrome\/36.0.1985.143 Safari\/537.36\"","userId":"88"}
{"artist":null,"auth":"Logged In","firstName":"Cierra","gender":"F","itemInSession":0,"lastName":"Finley","length":null,"level":"free","location":"Richmond, VA","method":"GET","page":"Home","registration":1541013292796.0,"sessionId":443,"song":null,"status":200,"ts":1541945130796,"userAgent":"\"Mozilla\/5.0 (Macintosh; Intel Mac OS X 10_9_4) AppleWebKit\/537.77.4 (KHTML, like Gecko) Version\/7.0.5 Safari\/537.77.4\"","userId":"96"}
{"artist":"Taylor Swift","auth":"Logged In","firstName":"Cierra","gender":"F","itemInSession":1,"lastName":"Finley","length":233.89995,"level":"free","location":"Richmond, VA","method":"PUT","page":"NextSong","registration":1541013292796.0,"sessionId":443,"song":"Love Story","status":200,"ts":1541945143796,"userAgent":"\"Mozilla\/5.0 (Macintosh; Intel Mac OS X 10_9_4) AppleWebKit\/537.77.4 (KHTML, like Gecko) Version\/7.0.5 Safari\/537.77.4\"","userId":"96"}
{"artist":"Lynyrd Skynyrd","auth":"Logged In","firstName":"Ryan","gender":"M","itemInSession":0,"lastName":"Smith","length":216.60689,"level":"free","location":"San Jose-Sunnyvale-Santa Clara, CA","method":"PUT","page":"NextSong","registration":1541016707796.0,"sessionId":452,"song":"Sweet home Alabama","status":200,"ts":1541945274796,"userAgent":"\"Mozilla\/5.0 (X11; Linux x86_64) AppleWebKit\/537.36 (KHTML, like Gecko) Ubuntu Chromium\/36.0.1985.125 Chrome\/36.0.1985.125 Safari\/537.36\"","userId":"26"}
{"artist":"Kelis","auth":"Logged In","firstName":"Cierra","gender":"F","itemInSession":2,"lastName":"Finley","length":293.58975,"level":"free","location":"Richmond, VA","method":"PUT","page":"NextSong","registration":1541013292796.0,"sessionId":443,"song":"Caught Out There (Explicit)","status":200,"ts":1541945376796,"userAgent":"\"Mozilla\/5.0 (Macintosh; Intel Mac OS X 10_9_4) AppleWebKit\/537.77.4 (KHTML, like Gecko) Version\/7.0.5 Safari\/537.77.4\"","userId":"96"}
{"artist":"The Kills","auth":"Logged In","firstName":"Cierra","gender":"F","itemInSession":3,"lastName":"Finley","length":203.38893,"level":"free","location":"Richmond, VA","method":"PUT","page":"NextSong","registration":1541013292796.0,"sessionId":443,"song":"Last Day Of Magic","status":200,"ts":1541945669796,"userAgent":"\"Mozilla\/5.0 (Macintosh; Intel Mac OS X 10_9_4) AppleWebKit\/537.77.4 (KHTML, like Gecko) Version\/7.0.5 Safari\/537.77.4\"","userId":"96"}
{"artist":null,"auth":"Logged In","firstName":"Aleena","gender":"F","itemInSession":0,"lastName":"Kirby","length":null,"level":"paid","location":"Waterloo-Cedar Falls, IA","method":"GET","page":"Home","registration":1541022995796.0,"sessionId":448,"song":null,"status":200,"ts":1541945702796,"userAgent":"Mozilla\/5.0 (Macintosh; Intel Mac OS X 10.9; rv:31.0) Gecko\/20100101 Firefox\/31.0","userId":"44"}
{"artist":"Collie Buddz featuring Paul Wall","auth":"Logged In","firstName":"Aleena","gender":"F","itemInSession":1,"lastName":"Kirby","length":271.62077,"level":"paid","location":"Waterloo-Cedar Falls, IA","method":"PUT","page":"NextSong","registration":1541022995796.0,"sessionId":448,"song":"What A Feeling","status":200,"ts":1541945706796,"userAgent":"Mozilla\/5.0 (Macintosh; Intel Mac OS X 10.9; rv:31.0) Gecko\/20100101 Firefox\/31.0","userId":"44"}
{"artist":"Charttraxx Karaoke","auth":"Logged In","firstName":"Cierra","gender":"F","itemInSession":4,"lastName":"Finley","length":225.17506,"level":"free","location":"Richmond, VA","method":"PUT","page":"NextSong","registration":1541013292796.0,"sessionId":443,"song":"Fireflies","status":200,"ts":1541945872796,"userAgent":"\"Mozilla\/5.0 (Macintosh; Intel Mac OS X 10_9_4) AppleWebKit\/537.77.4 (KHTML, like Gecko) Version\/7.0.5 Safari\/537.77.4\"","userId":"96"}
{"artist":"Band Of Horses","auth":"Logged In","firstName":"Aleena","gender":"F","itemInSession":2,"lastName":"Kirby","length":321.14893,"level":"paid","location":"Waterloo-Cedar Falls, IA","method":"PUT","page":"NextSong","registration":1541022995796.0,"sessionId":448,"song":"The Funeral (Album Version)","status":200,"ts":1541945977796,"userAgent":"Mozilla\/5.0 (Macintosh; Intel Mac OS X 10.9; rv:31.0) Gecko\/20100101 Firefox\/31.0","userId":"44"}
{"artist":"Coldplay","auth":"Logged In","firstName":"Aleena","gender":"F","itemInSession":3,"lastName":"Kirby","length":307.51302,"level":"paid","location":"Waterloo-Cedar Falls, IA","method":"PUT","page":"NextSong","registration":1541022995796.0,"sessionId":448,"song":"Clocks","status":200,"ts":1541946298796,"userAgent":"Mozilla\/5.0 (Macintosh; Intel Mac OS X 10.9; rv:31.0) Gecko\/20100101 Firefox\/31.0","userId":"44"}
{"artist":"Bon Jovi","auth":"Logged In","firstName":"Aleena","gender":"F","itemInSession":4,"lastName":"Kirby","length":228.75383,"level":"paid","location":"Waterloo-Cedar Falls, IA","method":"PUT","page":"NextSong","registration":1541022995796.0,"sessionId":448,"song":"Have A Nice Day","status":200,"ts":1541946605796,"userAgent":"Mozilla\/5.0 (Macintosh; Intel Mac OS X 10.9; rv:31.0) Gecko\/20100101 Firefox\/31.0","userId":"44"}
{"artist":"P.O.D.","auth":"Logged In","firstName":"Aleena","gender":"F","itemInSession":5,"lastName":"Kirby","length":203.7024,"level":"paid","location":"Waterloo-Cedar Falls, IA","method":"PUT","page":"NextSong","registration":1541022995796.0,"sessionId":448,"song":"Alive (2006 Remastered Album Version)","status":200,"ts":1541946833796,"userAgent":"Mozilla\/5.0 (Macintosh; Intel Mac OS X 10.9; rv:31.0) Gecko\/20100101 Firefox\/31.0","userId":"44"}
{"artist":"Bloc Party","auth":"Logged In","firstName":"Aleena","gender":"F","itemInSession":6,"lastName":"Kirby","length":222.04036,"level":"paid","location":"Waterloo-Cedar Falls, IA","method":"PUT","page":"NextSong","registration":1541022995796.0,"sessionId":448,"song":"Plans (Replanned by Mogwai)","status":200,"ts":1541947036796,"userAgent":"Mozilla\/5.0 (Macintosh; Intel Mac OS X 10.9; rv:31.0) Gecko\/20100101 Firefox\/31.0","userId":"44"}
{"artist":"Los Prisioneros","auth":"Logged In","firstName":"Aleena","gender":"F","itemInSession":7,"lastName":"Kirby","length":211.12118,"level":"paid","location":"Waterloo-Cedar Falls, IA","method":"PUT","page":"NextSong","registration":1541022995796.0,"sessionId":448,"song":"Pa Pa Pa","status":200,"ts":1541947258796,"userAgent":"Mozilla\/5.0 (Macintosh; Intel Mac OS X 10.9; rv:31.0) Gecko\/20100101 Firefox\/31.0","userId":"44"}
{"artist":"Octopus Project","auth":"Logged In","firstName":"Aleena","gender":"F","itemInSession":8,"lastName":"Kirby","length":175.25506,"level":"paid","location":"Waterloo-Cedar Falls, IA","method":"PUT","page":"NextSong","registration":1541022995796.0,"sessionId":448,"song":"Lots More Stairs","status":200,"ts":1541947469796,"userAgent":"Mozilla\/5.0 (Macintosh; Intel Mac OS X 10.9; rv:31.0) Gecko\/20100101 Firefox\/31.0","userId":"44"}
{"artist":"Roudoudou","auth":"Logged In","firstName":"Aleena","gender":"F","itemInSession":9,"lastName":"Kirby","length":18.41587,"level":"paid","location":"Waterloo-Cedar Falls, IA","method":"PUT","page":"NextSong","registration":1541022995796.0,"sessionId":448,"song":"Ecoute Ce Scratch","status":200,"ts":1541947644796,"userAgent":"Mozilla\/5.0 (Macintosh; Intel Mac OS X 10.9; rv:31.0) Gecko\/20100101 Firefox\/31.0","userId":"44"}
{"artist":"Africando","auth":"Logged In","firstName":"Aleena","gender":"F","itemInSession":10,"lastName":"Kirby","length":253.54404,"level":"paid","location":"Waterloo-Cedar Falls, IA","method":"PUT","page":"NextSong","registration":1541022995796.0,"sessionId":448,"song":"Tierra Tradicional","status":200,"ts":1541947662796,"userAgent":"Mozilla\/5.0 (Macintosh; Intel Mac OS X 10.9; rv:31.0) Gecko\/20100101 Firefox\/31.0","userId":"44"}
{"artist":"RUN-DMC Featuring Method Man_ Kenny Cash_ Mike Ransom_ and Jamel Simmons","auth":"Logged In","firstName":"Aleena","gender":"F","itemInSession":11,"lastName":"Kirby","length":266.52689,"level":"paid","location":"Waterloo-Cedar Falls, IA","method":"PUT","page":"NextSong","registration":1541022995796.0,"sessionId":448,"song":"Simmons Incorporated","status":200,"ts":1541947915796,"userAgent":"Mozilla\/5.0 (Macintosh; Intel Mac OS X 10.9; rv:31.0) Gecko\/20100101 Firefox\/31.0","userId":"44"}
{"artist":null,"auth":"Logged In","firstName":"Colm","gender":"M","itemInSession":0,"lastName":"Santana","length":null,"level":"free","location":"Nashville-Davidson--Murfreesboro--Franklin, TN","method":"GET","page":"Home","registration":1540856629796.0,"sessionId":414,"song":null,"status":200,"ts":1541948035796,"userAgent":"\"Mozilla\/5.0 (Macintosh; Intel Mac OS X 10_9_4) AppleWebKit\/537.36 (KHTML, like Gecko) Chrome\/36.0.1985.125 Safari\/537.36\"","userId":"67"}
{"artist":"Graham Coxon","auth":"Logged In","firstName":"Colm","gender":"M","itemInSession":1,"lastName":"Santana","length":197.14567,"level":"free","location":"Nashville-Davidson--Murfreesboro--Franklin, TN","method":"PUT","page":"NextSong","registration":1540856629796.0,"sessionId":414,"song":"I'm Goin' Away","status":200,"ts":1541948047796,"userAgent":"\"Mozilla\/5.0 (Macintosh; Intel Mac OS X 10_9_4) AppleWebKit\/537.36 (KHTML, like Gecko) Chrome\/36.0.1985.125 Safari\/537.36\"","userId":"67"}
{"artist":"Queens Of The Stone Age","auth":"Logged In","firstName":"Aleena","gender":"F","itemInSession":12,"lastName":"Kirby","length":231.02649,"level":"paid","location":"Waterloo-Cedar Falls, IA","method":"PUT","page":"NextSong","registration":1541022995796.0,"sessionId":448,"song":"In The Fade","status":200,"ts":1541948181796,"userAgent":"Mozilla\/5.0 (Macintosh; Intel Mac OS X 10.9; rv:31.0) Gecko\/20100101 Firefox\/31.0","userId":"44"}
{"artist":"Dance Gavin Dance","auth":"Logged In","firstName":"Colm","gender":"M","itemInSession":2,"lastName":"Santana","length":193.30567,"level":"free","location":"Nashville-Davidson--Murfreesboro--Franklin, TN","method":"PUT","page":"NextSong","registration":1540856629796.0,"sessionId":414,"song":"Strawberry Andr\u00c3\u0083\u00c2\u00a9 (Album Version)","status":200,"ts":1541948244796,"userAgent":"\"Mozilla\/5.0 (Macintosh; Intel Mac OS X 10_9_4) AppleWebKit\/537.36 (KHTML, like Gecko) Chrome\/36.0.1985.125 Safari\/537.36\"","userId":"67"}
{"artist":null,"auth":"Logged In","firstName":"Colm","gender":"M","itemInSession":3,"lastName":"Santana","length":null,"level":"free","location":"Nashville-Davidson--Murfreesboro--Franklin, TN","method":"GET","page":"Home","registration":1540856629796.0,"sessionId":414,"song":null,"status":200,"ts":1541948258796,"userAgent":"\"Mozilla\/5.0 (Macintosh; Intel Mac OS X 10_9_4) AppleWebKit\/537.36 (KHTML, like Gecko) Chrome\/36.0.1985.125 Safari\/537.36\"","userId":"67"}
{"artist":"Passion Pit","auth":"Logged In","firstName":"Aleena","gender":"F","itemInSession":13,"lastName":"Kirby","length":243.69587,"level":"paid","location":"Waterloo-Cedar Falls, IA","method":"PUT","page":"NextSong","registration":1541022995796.0,"sessionId":448,"song":"Eyes As Candles","status":200,"ts":1541948412796,"userAgent":"Mozilla\/5.0 (Macintosh; Intel Mac OS X 10.9; rv:31.0) Gecko\/20100101 Firefox\/31.0","userId":"44"}
{"artist":null,"auth":"Logged In","firstName":"Aleena","gender":"F","itemInSession":14,"lastName":"Kirby","length":null,"level":"paid","location":"Waterloo-Cedar Falls, IA","method":"GET","page":"Home","registration":1541022995796.0,"sessionId":448,"song":null,"status":200,"ts":1541948426796,"userAgent":"Mozilla\/5.0 (Macintosh; Intel Mac OS X 10.9; rv:31.0) Gecko\/20100101 Firefox\/31.0","userId":"44"}
{"artist":"Black Eyed Peas","auth":"Logged In","firstName":"Colm","gender":"M","itemInSession":4,"lastName":"Santana","length":229.61587,"level":"free","location":"Nashville-Davidson--Murfreesboro--Franklin, TN","method":"PUT","page":"NextSong","registration":1540856629796.0,"sessionId":414,"song":"Let's Get It Started","status":200,"ts":1541948437796,"userAgent":"\"Mozilla\/5.0 (Macintosh; Intel Mac OS X 10_9_4) AppleWebKit\/537.36 (KHTML, like Gecko) Chrome\/36.0.1985.125 Safari\/537.36\"","userId":"67"}
{"artist":"Plastic Bertrand","auth":"Logged In","firstName":"Colm","gender":"M","itemInSession":5,"lastName":"Santana","length":180.00934,"level":"free","location":"Nashville-Davidson--Murfreesboro--Franklin, TN","method":"PUT","page":"NextSong","registration":1540856629796.0,"sessionId":414,"song":"Ca plane pour moi","status":200,"ts":1541948666796,"userAgent":"\"Mozilla\/5.0 (Macintosh; Intel Mac OS X 10_9_4) AppleWebKit\/537.36 (KHTML, like Gecko) Chrome\/36.0.1985.125 Safari\/537.36\"","userId":"67"}
{"artist":"Cream","auth":"Logged In","firstName":"Colm","gender":"M","itemInSession":6,"lastName":"Santana","length":166.5824,"level":"free","location":"Nashville-Davidson--Murfreesboro--Franklin, TN","method":"PUT","page":"NextSong","registration":1540856629796.0,"sessionId":414,"song":"Strange Brew","status":200,"ts":1541948846796,"userAgent":"\"Mozilla\/5.0 (Macintosh; Intel Mac OS X 10_9_4) AppleWebKit\/537.36 (KHTML, like Gecko) Chrome\/36.0.1985.125 Safari\/537.36\"","userId":"67"}
{"artist":"Coldplay","auth":"Logged In","firstName":"Colm","gender":"M","itemInSession":7,"lastName":"Santana","length":284.39465,"level":"free","location":"Nashville-Davidson--Murfreesboro--Franklin, TN","method":"PUT","page":"NextSong","registration":1540856629796.0,"sessionId":414,"song":"A Message","status":200,"ts":1541949012796,"userAgent":"\"Mozilla\/5.0 (Macintosh; Intel Mac OS X 10_9_4) AppleWebKit\/537.36 (KHTML, like Gecko) Chrome\/36.0.1985.125 Safari\/537.36\"","userId":"67"}
{"artist":"Cute Is What We Aim For","auth":"Logged In","firstName":"Colm","gender":"M","itemInSession":8,"lastName":"Santana","length":172.22485,"level":"free","location":"Nashville-Davidson--Murfreesboro--Franklin, TN","method":"PUT","page":"NextSong","registration":1540856629796.0,"sessionId":414,"song":"Sweat the Battle Before the Battle Sweats You (Album Version)","status":200,"ts":1541949296796,"userAgent":"\"Mozilla\/5.0 (Macintosh; Intel Mac OS X 10_9_4) AppleWebKit\/537.36 (KHTML, like Gecko) Chrome\/36.0.1985.125 Safari\/537.36\"","userId":"67"}
{"artist":"Metallica","auth":"Logged In","firstName":"Connar","gender":"M","itemInSession":0,"lastName":"Moreno","length":256.9922,"level":"free","location":"Houston-The Woodlands-Sugar Land, TX","method":"PUT","page":"NextSong","registration":1540823606796.0,"sessionId":218,"song":"Of Wolf And Man","status":200,"ts":1541952079796,"userAgent":"\"Mozilla\/5.0 (Macintosh; Intel Mac OS X 10_10) AppleWebKit\/538.46 (KHTML, like Gecko) Version\/8.0 Safari\/538.46\"","userId":"62"}
{"artist":"The Kills","auth":"Logged In","firstName":"Connar","gender":"M","itemInSession":1,"lastName":"Moreno","length":217.70404,"level":"free","location":"Houston-The Woodlands-Sugar Land, TX","method":"PUT","page":"NextSong","registration":1540823606796.0,"sessionId":218,"song":"Tape Song","status":200,"ts":1541952335796,"userAgent":"\"Mozilla\/5.0 (Macintosh; Intel Mac OS X 10_10) AppleWebKit\/538.46 (KHTML, like Gecko) Version\/8.0 Safari\/538.46\"","userId":"62"}
{"artist":"Foo Fighters","auth":"Logged In","firstName":"Connar","gender":"M","itemInSession":2,"lastName":"Moreno","length":271.38567,"level":"free","location":"Houston-The Woodlands-Sugar Land, TX","method":"PUT","page":"NextSong","registration":1540823606796.0,"sessionId":218,"song":"The Pretender","status":200,"ts":1541952552796,"userAgent":"\"Mozilla\/5.0 (Macintosh; Intel Mac OS X 10_10) AppleWebKit\/538.46 (KHTML, like Gecko) Version\/8.0 Safari\/538.46\"","userId":"62"}
{"artist":"Plaid","auth":"Logged In","firstName":"Connar","gender":"M","itemInSession":3,"lastName":"Moreno","length":260.96281,"level":"free","location":"Houston-The Woodlands-Sugar Land, TX","method":"PUT","page":"NextSong","registration":1540823606796.0,"sessionId":218,"song":"Eyen [Chosen by fans on Warp20.net]","status":200,"ts":1541952823796,"userAgent":"\"Mozilla\/5.0 (Macintosh; Intel Mac OS X 10_10) AppleWebKit\/538.46 (KHTML, like Gecko) Version\/8.0 Safari\/538.46\"","userId":"62"}
{"artist":null,"auth":"Logged In","firstName":"Brayden","gender":"M","itemInSession":0,"lastName":"Clark","length":null,"level":"free","location":"New York-Newark-Jersey City, NY-NJ-PA","method":"GET","page":"Home","registration":1541029236796.0,"sessionId":120,"song":null,"status":200,"ts":1541954601796,"userAgent":"Mozilla\/5.0 (Windows NT 6.1; WOW64; rv:31.0) Gecko\/20100101 Firefox\/31.0","userId":"41"}
{"artist":null,"auth":"Logged In","firstName":"Theodore","gender":"M","itemInSession":0,"lastName":"Harris","length":null,"level":"free","location":"Red Bluff, CA","method":"GET","page":"Home","registration":1541097374796.0,"sessionId":462,"song":null,"status":200,"ts":1541959679796,"userAgent":"Mozilla\/5.0 (Windows NT 6.1; WOW64; rv:31.0) Gecko\/20100101 Firefox\/31.0","userId":"14"}
{"artist":"The Van Pelt","auth":"Logged In","firstName":"Theodore","gender":"M","itemInSession":1,"lastName":"Harris","length":208.71791,"level":"free","location":"Red Bluff, CA","method":"PUT","page":"NextSong","registration":1541097374796.0,"sessionId":462,"song":"It's New To Me","status":200,"ts":1541959713796,"userAgent":"Mozilla\/5.0 (Windows NT 6.1; WOW64; rv:31.0) Gecko\/20100101 Firefox\/31.0","userId":"14"}
{"artist":null,"auth":"Logged In","firstName":"Ryan","gender":"M","itemInSession":0,"lastName":"Smith","length":null,"level":"free","location":"San Jose-Sunnyvale-Santa Clara, CA","method":"GET","page":"Home","registration":1541016707796.0,"sessionId":472,"song":null,"status":200,"ts":1541962018796,"userAgent":"\"Mozilla\/5.0 (X11; Linux x86_64) AppleWebKit\/537.36 (KHTML, like Gecko) Ubuntu Chromium\/36.0.1985.125 Chrome\/36.0.1985.125 Safari\/537.36\"","userId":"26"}
{"artist":"+44","auth":"Logged In","firstName":"Ryan","gender":"M","itemInSession":1,"lastName":"Smith","length":224.57424,"level":"free","location":"San Jose-Sunnyvale-Santa Clara, CA","method":"PUT","page":"NextSong","registration":1541016707796.0,"sessionId":472,"song":"Make You Smile","status":200,"ts":1541962092796,"userAgent":"\"Mozilla\/5.0 (X11; Linux x86_64) AppleWebKit\/537.36 (KHTML, like Gecko) Ubuntu Chromium\/36.0.1985.125 Chrome\/36.0.1985.125 Safari\/537.36\"","userId":"26"}
{"artist":null,"auth":"Logged In","firstName":"Rylan","gender":"M","itemInSession":0,"lastName":"George","length":null,"level":"free","location":"Birmingham-Hoover, AL","method":"GET","page":"Home","registration":1541020249796.0,"sessionId":446,"song":null,"status":200,"ts":1541962134796,"userAgent":"\"Mozilla\/5.0 (Macintosh; Intel Mac OS X 10_9_4) AppleWebKit\/537.77.4 (KHTML, like Gecko) Version\/7.0.5 Safari\/537.77.4\"","userId":"16"}
{"artist":"Chris Brown","auth":"Logged In","firstName":"Rylan","gender":"M","itemInSession":1,"lastName":"George","length":275.1473,"level":"free","location":"Birmingham-Hoover, AL","method":"PUT","page":"NextSong","registration":1541020249796.0,"sessionId":446,"song":"I May Never Find","status":200,"ts":1541962141796,"userAgent":"\"Mozilla\/5.0 (Macintosh; Intel Mac OS X 10_9_4) AppleWebKit\/537.77.4 (KHTML, like Gecko) Version\/7.0.5 Safari\/537.77.4\"","userId":"16"}
{"artist":"KT Tunstall","auth":"Logged In","firstName":"Ryan","gender":"M","itemInSession":2,"lastName":"Smith","length":170.47465,"level":"free","location":"San Jose-Sunnyvale-Santa Clara, CA","method":"PUT","page":"NextSong","registration":1541016707796.0,"sessionId":472,"song":"Black Horse And The Cherry Tree (Radio Version)","status":200,"ts":1541962316796,"userAgent":"\"Mozilla\/5.0 (X11; Linux x86_64) AppleWebKit\/537.36 (KHTML, like Gecko) Ubuntu Chromium\/36.0.1985.125 Chrome\/36.0.1985.125 Safari\/537.36\"","userId":"26"}
{"artist":"Cascada","auth":"Logged In","firstName":"Rylan","gender":"M","itemInSession":2,"lastName":"George","length":184.39791,"level":"free","location":"Birmingham-Hoover, AL","method":"PUT","page":"NextSong","registration":1541020249796.0,"sessionId":446,"song":"Kids In America","status":200,"ts":1541962416796,"userAgent":"\"Mozilla\/5.0 (Macintosh; Intel Mac OS X 10_9_4) AppleWebKit\/537.77.4 (KHTML, like Gecko) Version\/7.0.5 Safari\/537.77.4\"","userId":"16"}
{"artist":"Incubus","auth":"Logged In","firstName":"Ryan","gender":"M","itemInSession":3,"lastName":"Smith","length":293.38077,"level":"free","location":"San Jose-Sunnyvale-Santa Clara, CA","method":"PUT","page":"NextSong","registration":1541016707796.0,"sessionId":472,"song":"Black Heart Inertia","status":200,"ts":1541962486796,"userAgent":"\"Mozilla\/5.0 (X11; Linux x86_64) AppleWebKit\/537.36 (KHTML, like Gecko) Ubuntu Chromium\/36.0.1985.125 Chrome\/36.0.1985.125 Safari\/537.36\"","userId":"26"}
{"artist":null,"auth":"Logged In","firstName":"Ryan","gender":"M","itemInSession":4,"lastName":"Smith","length":null,"level":"free","location":"San Jose-Sunnyvale-Santa Clara, CA","method":"GET","page":"Help","registration":1541016707796.0,"sessionId":472,"song":null,"status":200,"ts":1541962633796,"userAgent":"\"Mozilla\/5.0 (X11; Linux x86_64) AppleWebKit\/537.36 (KHTML, like Gecko) Ubuntu Chromium\/36.0.1985.125 Chrome\/36.0.1985.125 Safari\/537.36\"","userId":"26"}
{"artist":null,"auth":"Logged In","firstName":"Ryan","gender":"M","itemInSession":5,"lastName":"Smith","length":null,"level":"free","location":"San Jose-Sunnyvale-Santa Clara, CA","method":"GET","page":"Home","registration":1541016707796.0,"sessionId":472,"song":null,"status":200,"ts":1541962656796,"userAgent":"\"Mozilla\/5.0 (X11; Linux x86_64) AppleWebKit\/537.36 (KHTML, like Gecko) Ubuntu Chromium\/36.0.1985.125 Chrome\/36.0.1985.125 Safari\/537.36\"","userId":"26"}
{"artist":null,"auth":"Logged In","firstName":"Tegan","gender":"F","itemInSession":0,"lastName":"Levine","length":null,"level":"paid","location":"Portland-South Portland, ME","method":"GET","page":"Home","registration":1540794356796.0,"sessionId":435,"song":null,"status":200,"ts":1541965304796,"userAgent":"\"Mozilla\/5.0 (Macintosh; Intel Mac OS X 10_9_4) AppleWebKit\/537.36 (KHTML, like Gecko) Chrome\/36.0.1985.143 Safari\/537.36\"","userId":"80"}
{"artist":"Miike Snow","auth":"Logged In","firstName":"Tegan","gender":"F","itemInSession":1,"lastName":"Levine","length":220.83873,"level":"paid","location":"Portland-South Portland, ME","method":"PUT","page":"NextSong","registration":1540794356796.0,"sessionId":435,"song":"Black & Blue","status":200,"ts":1541965305796,"userAgent":"\"Mozilla\/5.0 (Macintosh; Intel Mac OS X 10_9_4) AppleWebKit\/537.36 (KHTML, like Gecko) Chrome\/36.0.1985.143 Safari\/537.36\"","userId":"80"}
{"artist":"Cartola","auth":"Logged In","firstName":"Tegan","gender":"F","itemInSession":2,"lastName":"Levine","length":208.92689,"level":"paid","location":"Portland-South Portland, ME","method":"PUT","page":"NextSong","registration":1540794356796.0,"sessionId":435,"song":"Sala De Recep\u00c3\u0083\u00c2\u00a7\u00c3\u0083\u00c2\u00a3o","status":200,"ts":1541965525796,"userAgent":"\"Mozilla\/5.0 (Macintosh; Intel Mac OS X 10_9_4) AppleWebKit\/537.36 (KHTML, like Gecko) Chrome\/36.0.1985.143 Safari\/537.36\"","userId":"80"}
{"artist":"Kill The Client","auth":"Logged In","firstName":"Tegan","gender":"F","itemInSession":3,"lastName":"Levine","length":70.68689,"level":"paid","location":"Portland-South Portland, ME","method":"PUT","page":"NextSong","registration":1540794356796.0,"sessionId":435,"song":"Commander In Thief","status":200,"ts":1541965733796,"userAgent":"\"Mozilla\/5.0 (Macintosh; Intel Mac OS X 10_9_4) AppleWebKit\/537.36 (KHTML, like Gecko) Chrome\/36.0.1985.143 Safari\/537.36\"","userId":"80"}
{"artist":null,"auth":"Logged In","firstName":"Tegan","gender":"F","itemInSession":4,"lastName":"Levine","length":null,"level":"paid","location":"Portland-South Portland, ME","method":"GET","page":"Home","registration":1540794356796.0,"sessionId":435,"song":null,"status":200,"ts":1541965947796,"userAgent":"\"Mozilla\/5.0 (Macintosh; Intel Mac OS X 10_9_4) AppleWebKit\/537.36 (KHTML, like Gecko) Chrome\/36.0.1985.143 Safari\/537.36\"","userId":"80"}
{"artist":"Wolfmother","auth":"Logged In","firstName":"Tegan","gender":"F","itemInSession":5,"lastName":"Levine","length":175.82975,"level":"paid","location":"Portland-South Portland, ME","method":"PUT","page":"NextSong","registration":1540794356796.0,"sessionId":435,"song":"Woman","status":200,"ts":1541966183796,"userAgent":"\"Mozilla\/5.0 (Macintosh; Intel Mac OS X 10_9_4) AppleWebKit\/537.36 (KHTML, like Gecko) Chrome\/36.0.1985.143 Safari\/537.36\"","userId":"80"}
{"artist":"Old Crow Medicine Show","auth":"Logged In","firstName":"Tegan","gender":"F","itemInSession":6,"lastName":"Levine","length":231.73179,"level":"paid","location":"Portland-South Portland, ME","method":"PUT","page":"NextSong","registration":1540794356796.0,"sessionId":435,"song":"Wagon Wheel","status":200,"ts":1541966358796,"userAgent":"\"Mozilla\/5.0 (Macintosh; Intel Mac OS X 10_9_4) AppleWebKit\/537.36 (KHTML, like Gecko) Chrome\/36.0.1985.143 Safari\/537.36\"","userId":"80"}
{"artist":"Architecture In Helsinki","auth":"Logged In","firstName":"Tegan","gender":"F","itemInSession":7,"lastName":"Levine","length":173.73995,"level":"paid","location":"Portland-South Portland, ME","method":"PUT","page":"NextSong","registration":1540794356796.0,"sessionId":435,"song":"Debbie","status":200,"ts":1541966589796,"userAgent":"\"Mozilla\/5.0 (Macintosh; Intel Mac OS X 10_9_4) AppleWebKit\/537.36 (KHTML, like Gecko) Chrome\/36.0.1985.143 Safari\/537.36\"","userId":"80"}
{"artist":"Charlie Louvin","auth":"Logged In","firstName":"Tegan","gender":"F","itemInSession":8,"lastName":"Levine","length":170.86649,"level":"paid","location":"Portland-South Portland, ME","method":"PUT","page":"NextSong","registration":1540794356796.0,"sessionId":435,"song":"I Think I'll Live","status":200,"ts":1541966762796,"userAgent":"\"Mozilla\/5.0 (Macintosh; Intel Mac OS X 10_9_4) AppleWebKit\/537.36 (KHTML, like Gecko) Chrome\/36.0.1985.143 Safari\/537.36\"","userId":"80"}
{"artist":"Miguel Morales","auth":"Logged In","firstName":"Tegan","gender":"F","itemInSession":9,"lastName":"Levine","length":270.78485,"level":"paid","location":"Portland-South Portland, ME","method":"PUT","page":"NextSong","registration":1540794356796.0,"sessionId":435,"song":"La Derrota de Un Don Juan","status":200,"ts":1541966932796,"userAgent":"\"Mozilla\/5.0 (Macintosh; Intel Mac OS X 10_9_4) AppleWebKit\/537.36 (KHTML, like Gecko) Chrome\/36.0.1985.143 Safari\/537.36\"","userId":"80"}
{"artist":"Dominique A","auth":"Logged In","firstName":"Tegan","gender":"F","itemInSession":10,"lastName":"Levine","length":153.20771,"level":"paid","location":"Portland-South Portland, ME","method":"PUT","page":"NextSong","registration":1540794356796.0,"sessionId":435,"song":"Le Courage Des Oiseaux","status":200,"ts":1541967202796,"userAgent":"\"Mozilla\/5.0 (Macintosh; Intel Mac OS X 10_9_4) AppleWebKit\/537.36 (KHTML, like Gecko) Chrome\/36.0.1985.143 Safari\/537.36\"","userId":"80"}
{"artist":"Cock Sparrer","auth":"Logged In","firstName":"Tegan","gender":"F","itemInSession":11,"lastName":"Levine","length":203.25832,"level":"paid","location":"Portland-South Portland, ME","method":"PUT","page":"NextSong","registration":1540794356796.0,"sessionId":435,"song":"Run With The Blind","status":200,"ts":1541967355796,"userAgent":"\"Mozilla\/5.0 (Macintosh; Intel Mac OS X 10_9_4) AppleWebKit\/537.36 (KHTML, like Gecko) Chrome\/36.0.1985.143 Safari\/537.36\"","userId":"80"}
{"artist":"Jimmy Wakely","auth":"Logged In","firstName":"Tegan","gender":"F","itemInSession":12,"lastName":"Levine","length":165.74649,"level":"paid","location":"Portland-South Portland, ME","method":"PUT","page":"NextSong","registration":1540794356796.0,"sessionId":435,"song":"I Love You So Much It Hurts","status":200,"ts":1541967558796,"userAgent":"\"Mozilla\/5.0 (Macintosh; Intel Mac OS X 10_9_4) AppleWebKit\/537.36 (KHTML, like Gecko) Chrome\/36.0.1985.143 Safari\/537.36\"","userId":"80"}
{"artist":"Peter Doherty","auth":"Logged In","firstName":"Tegan","gender":"F","itemInSession":13,"lastName":"Levine","length":217.02485,"level":"paid","location":"Portland-South Portland, ME","method":"PUT","page":"NextSong","registration":1540794356796.0,"sessionId":435,"song":"A Little Death Around the Eyes","status":200,"ts":1541967723796,"userAgent":"\"Mozilla\/5.0 (Macintosh; Intel Mac OS X 10_9_4) AppleWebKit\/537.36 (KHTML, like Gecko) Chrome\/36.0.1985.143 Safari\/537.36\"","userId":"80"}
{"artist":"Katy Perry","auth":"Logged In","firstName":"Tegan","gender":"F","itemInSession":14,"lastName":"Levine","length":246.41261,"level":"paid","location":"Portland-South Portland, ME","method":"PUT","page":"NextSong","registration":1540794356796.0,"sessionId":435,"song":"Thinking Of You","status":200,"ts":1541967940796,"userAgent":"\"Mozilla\/5.0 (Macintosh; Intel Mac OS X 10_9_4) AppleWebKit\/537.36 (KHTML, like Gecko) Chrome\/36.0.1985.143 Safari\/537.36\"","userId":"80"}
{"artist":"Sidewalk Prophets","auth":"Logged In","firstName":"Molly","gender":"F","itemInSession":0,"lastName":"Taylor","length":260.62322,"level":"free","location":"St. Louis, MO-IL","method":"PUT","page":"NextSong","registration":1540992766796.0,"sessionId":464,"song":"You Love Me Anyway (Album)","status":200,"ts":1541970568796,"userAgent":"\"Mozilla\/5.0 (X11; Linux x86_64) AppleWebKit\/537.36 (KHTML, like Gecko) Chrome\/37.0.2062.94 Safari\/537.36\"","userId":"35"}
{"artist":"Rise Against","auth":"Logged In","firstName":"Molly","gender":"F","itemInSession":1,"lastName":"Taylor","length":221.17832,"level":"free","location":"St. Louis, MO-IL","method":"PUT","page":"NextSong","registration":1540992766796.0,"sessionId":464,"song":"Torches","status":200,"ts":1541970828796,"userAgent":"\"Mozilla\/5.0 (X11; Linux x86_64) AppleWebKit\/537.36 (KHTML, like Gecko) Chrome\/37.0.2062.94 Safari\/537.36\"","userId":"35"}
{"artist":"K'Naan","auth":"Logged In","firstName":"Molly","gender":"F","itemInSession":2,"lastName":"Taylor","length":220.49914,"level":"free","location":"St. Louis, MO-IL","method":"PUT","page":"NextSong","registration":1540992766796.0,"sessionId":464,"song":"Wavin'  Flag","status":200,"ts":1541971049796,"userAgent":"\"Mozilla\/5.0 (X11; Linux x86_64) AppleWebKit\/537.36 (KHTML, like Gecko) Chrome\/37.0.2062.94 Safari\/537.36\"","userId":"35"}
{"artist":"Patrick Jumpen","auth":"Logged In","firstName":"Ryan","gender":"M","itemInSession":0,"lastName":"Smith","length":208.87465,"level":"free","location":"San Jose-Sunnyvale-Santa Clara, CA","method":"PUT","page":"NextSong","registration":1541016707796.0,"sessionId":480,"song":"Holiday","status":200,"ts":1541979540796,"userAgent":"\"Mozilla\/5.0 (X11; Linux x86_64) AppleWebKit\/537.36 (KHTML, like Gecko) Ubuntu Chromium\/36.0.1985.125 Chrome\/36.0.1985.125 Safari\/537.36\"","userId":"26"}
{"artist":"Alicia Keys","auth":"Logged In","firstName":"Ryan","gender":"M","itemInSession":1,"lastName":"Smith","length":216.47628,"level":"free","location":"San Jose-Sunnyvale-Santa Clara, CA","method":"PUT","page":"NextSong","registration":1541016707796.0,"sessionId":480,"song":"Empire State Of Mind (Part II) Broken Down","status":200,"ts":1541979748796,"userAgent":"\"Mozilla\/5.0 (X11; Linux x86_64) AppleWebKit\/537.36 (KHTML, like Gecko) Ubuntu Chromium\/36.0.1985.125 Chrome\/36.0.1985.125 Safari\/537.36\"","userId":"26"}