{"artist":null,"auth":"Logged In","firstName":"Adler","gender":"M","itemInSession":0,"lastName":"Barrera","length":null,"level":"free","location":"New York-Newark-Jersey City, NY-NJ-PA","method":"GET","page":"Home","registration":1540835983796.0,"sessionId":248,"song":null,"status":200,"ts":1541470364796,"userAgent":"\"Mozilla\/5.0 (Macintosh; Intel Mac OS X 10_9_4) AppleWebKit\/537.78.2 (KHTML, like Gecko) Version\/7.0.6 Safari\/537.78.2\"","userId":"100"}
{"artist":"Gustavo Cerati","auth":"Logged In","firstName":"Adler","gender":"M","itemInSession":1,"lastName":"Barrera","length":249.44281,"level":"free","location":"New York-Newark-Jersey City, NY-NJ-PA","method":"PUT","page":"NextSong","registration":1540835983796.0,"sessionId":248,"song":"Uno Entre 1000","status":200,"ts":1541470383796,"userAgent":"\"Mozilla\/5.0 (Macintosh; Intel Mac OS X 10_9_4) AppleWebKit\/537.78.2 (KHTML, like Gecko) Version\/7.0.6 Safari\/537.78.2\"","userId":"100"}
{"artist":"Limp Bizkit","auth":"Logged In","firstName":"Adler","gender":"M","itemInSession":2,"lastName":"Barrera","length":270.49751,"level":"free","location":"New York-Newark-Jersey City, NY-NJ-PA","method":"PUT","page":"NextSong","registration":1540835983796.0,"sessionId":248,"song":"Behind Blue Eyes","status":200,"ts":1541470632796,"userAgent":"\"Mozilla\/5.0 (Macintosh; Intel Mac OS X 10_9_4) AppleWebKit\/537.78.2 (KHTML, like Gecko) Version\/7.0.6 Safari\/537.78.2\"","userId":"100"}
{"artist":null,"auth":"Logged In","firstName":"Samuel","gender":"M","itemInSession":0,"lastName":"Gonzalez","length":null,"level":"free","location":"Houston-The Woodlands-Sugar Land, TX","method":"GET","page":"Home","registration":1540492941796.0,"sessionId":252,"song":null,"status":200,"ts":1541473967796,"userAgent":"\"Mozilla\/5.0 (Macintosh; Intel Mac OS X 10_9_4) AppleWebKit\/537.77.4 (KHTML, like Gecko) Version\/7.0.5 Safari\/537.77.4\"","userId":"61"}
{"artist":"Mikel Erentxun","auth":"Logged In","firstName":"Samuel","gender":"M","itemInSession":1,"lastName":"Gonzalez","length":178.83383,"level":"free","location":"Houston-The Woodlands-Sugar Land, TX","method":"PUT","page":"NextSong","registration":1540492941796.0,"sessionId":252,"song":"Frases Mudas","status":200,"ts":1541474048796,"userAgent":"\"Mozilla\/5.0 (Macintosh; Intel Mac OS X 10_9_4) AppleWebKit\/537.77.4 (KHTML, like Gecko) Version\/7.0.5 Safari\/537.77.4\"","userId":"61"}
{"artist":"The Gerbils","auth":"Logged In","firstName":"Martin","gender":"M","itemInSession":0,"lastName":"Johnson","length":27.01016,"level":"free","location":"Minneapolis-St. Paul-Bloomington, MN-WI","method":"PUT","page":"NextSong","registration":1541081807796.0,"sessionId":250,"song":"(iii)","status":200,"ts":1541480171796,"userAgent":"\"Mozilla\/5.0 (Macintosh; Intel Mac OS X 10_9_4) AppleWebKit\/537.78.2 (KHTML, like Gecko) Version\/7.0.6 Safari\/537.78.2\"","userId":"55"}
{"artist":"AFI","auth":"Logged In","firstName":"Martin","gender":"M","itemInSession":1,"lastName":"Johnson","length":190.45832,"level":"free","location":"Minneapolis-St. Paul-Bloomington, MN-WI","method":"PUT","page":"NextSong","registration":1541081807796.0,"sessionId":250,"song":"Girl's Not Grey","status":200,"ts":1541480198796,"userAgent":"\"Mozilla\/5.0 (Macintosh; Intel Mac OS X 10_9_4) AppleWebKit\/537.78.2 (KHTML, like Gecko) Version\/7.0.6 Safari\/537.78.2\"","userId":"55"}
{"artist":null,"auth":"Logged In","firstName":"Jordan","gender":"F","itemInSession":0,"lastName":"Hicks","length":null,"level":"free","location":"Salinas, CA","method":"GET","page":"Home","registration":1540008898796.0,"sessionId":240,"song":null,"status":200,"ts":1541480984796,"userAgent":"\"Mozilla\/5.0 (Macintosh; Intel Mac OS X 10_9_4) AppleWebKit\/537.78.2 (KHTML, like Gecko) Version\/7.0.6 Safari\/537.78.2\"","userId":"37"}
{"artist":"Lhasa De Sela","auth":"Logged In","firstName":"Jordan","gender":"F","itemInSession":1,"lastName":"Hicks","length":256.10404,"level":"free","location":"Salinas, CA","method":"PUT","page":"NextSong","registration":1540008898796.0,"sessionId":240,"song":"De cara a la pared","status":200,"ts":1541481077796,"userAgent":"\"Mozilla\/5.0 (Macintosh; Intel Mac OS X 10_9_4) AppleWebKit\/537.78.2 (KHTML, like Gecko) Version\/7.0.6 Safari\/537.78.2\"","userId":"37"}
{"artist":"J.J. Cale","auth":"Logged In","firstName":"Jordan","gender":"F","itemInSession":2,"lastName":"Hicks","length":150.80444,"level":"free","location":"Salinas, CA","method":"PUT","page":"NextSong","registration":1540008898796.0,"sessionId":240,"song":"Crazy Mama","status":200,"ts":1541481333796,"userAgent":"\"Mozilla\/5.0 (Macintosh; Intel Mac OS X 10_9_4) AppleWebKit\/537.78.2 (KHTML, like Gecko) Version\/7.0.6 Safari\/537.78.2\"","userId":"37"}
{"artist":"Brian Eno","auth":"Logged In","firstName":"Jordan","gender":"F","itemInSession":3,"lastName":"Hicks","length":265.82159,"level":"free","location":"Salinas, CA","method":"PUT","page":"NextSong","registration":1540008898796.0,"sessionId":240,"song":"An Ending (Ascent) (2005 Digital Remaster)","status":200,"ts":1541481483796,"userAgent":"\"Mozilla\/5.0 (Macintosh; Intel Mac OS X 10_9_4) AppleWebKit\/537.78.2 (KHTML, like Gecko) Version\/7.0.6 Safari\/537.78.2\"","userId":"37"}
{"artist":"Hot Hot Heat","auth":"Logged In","firstName":"Jordan","gender":"F","itemInSession":4,"lastName":"Hicks","length":190.01424,"level":"free","location":"Salinas, CA","method":"PUT","page":"NextSong","registration":1540008898796.0,"sessionId":240,"song":"Soldier In A Box (Album Version)","status":200,"ts":1541481748796,"userAgent":"\"Mozilla\/5.0 (Macintosh; Intel Mac OS X 10_9_4) AppleWebKit\/537.78.2 (KHTML, like Gecko) Version\/7.0.6 Safari\/537.78.2\"","userId":"37"}
{"artist":null,"auth":"Logged In","firstName":"Lily","gender":"F","itemInSession":0,"lastName":"Burns","length":null,"level":"free","location":"New York-Newark-Jersey City, NY-NJ-PA","method":"GET","page":"Home","registration":1540621059796.0,"sessionId":287,"song":null,"status":200,"ts":1541483351796,"userAgent":"\"Mozilla\/5.0 (Windows NT 6.1; WOW64) AppleWebKit\/537.36 (KHTML, like Gecko) Chrome\/36.0.1985.125 Safari\/537.36\"","userId":"32"}
{"artist":"ATB","auth":"Logged In","firstName":"Ryan","gender":"M","itemInSession":0,"lastName":"Smith","length":209.26649,"level":"free","location":"San Jose-Sunnyvale-Santa Clara, CA","method":"PUT","page":"NextSong","registration":1541016707796.0,"sessionId":278,"song":"You're Not Alone","status":200,"ts":1541484351796,"userAgent":"\"Mozilla\/5.0 (X11; Linux x86_64) AppleWebKit\/537.36 (KHTML, like Gecko) Ubuntu Chromium\/36.0.1985.125 Chrome\/36.0.1985.125 Safari\/537.36\"","userId":"26"}
{"artist":null,"auth":"Logged In","firstName":"Tegan","gender":"F","itemInSession":0,"lastName":"Levine","length":null,"level":"free","location":"Portland-South Portland, ME","method":"GET","page":"Home","registration":1540794356796.0,"sessionId":279,"song":null,"status":200,"ts":1541484363796,"userAgent":"\"Mozilla\/5.0 (Macintosh; Intel Mac OS X 10_9_4) AppleWebKit\/537.36 (KHTML, like Gecko) Chrome\/36.0.1985.143 Safari\/537.36\"","userId":"80"}
{"artist":"Mt. St. Helens Vietnam Band","auth":"Logged In","firstName":"Ryan","gender":"M","itemInSession":1,"lastName":"Smith","length":253.6224,"level":"free","location":"San Jose-Sunnyvale-Santa Clara, CA","method":"PUT","page":"NextSong","registration":1541016707796.0,"sessionId":278,"song":"A Year Or Two","status":200,"ts":1541484560796,"userAgent":"\"Mozilla\/5.0 (X11; Linux x86_64) AppleWebKit\/537.36 (KHTML, like Gecko) Ubuntu Chromium\/36.0.1985.125 Chrome\/36.0.1985.125 Safari\/537.36\"","userId":"26"}
{"artist":"Becky","auth":"Logged In","firstName":"Ryan","gender":"M","itemInSession":2,"lastName":"Smith","length":245.62893,"level":"free","location":"San Jose-Sunnyvale-Santa Clara, CA","method":"PUT","page":"NextSong","registration":1541016707796.0,"sessionId":278,"song":"Kimi e","status":200,"ts":1541484813796,"userAgent":"\"Mozilla\/5.0 (X11; Linux x86_64) AppleWebKit\/537.36 (KHTML, like Gecko) Ubuntu Chromium\/36.0.1985.125 Chrome\/36.0.1985.125 Safari\/537.36\"","userId":"26"}
{"artist":"Franz Ferdinand","auth":"Logged In","firstName":"Ryan","gender":"M","itemInSession":3,"lastName":"Smith","length":254.69342,"level":"free","location":"San Jose-Sunnyvale-Santa Clara, CA","method":"PUT","page":"NextSong","registration":1541016707796.0,"sessionId":278,"song":"This Fire","status":200,"ts":1541485058796,"userAgent":"\"Mozilla\/5.0 (X11; Linux x86_64) AppleWebKit\/537.36 (KHTML, like Gecko) Ubuntu Chromium\/36.0.1985.125 Chrome\/36.0.1985.125 Safari\/537.36\"","userId":"26"}
{"artist":"Creedence Clearwater Revival","auth":"Logged In","firstName":"Ryan","gender":"M","itemInSession":4,"lastName":"Smith","length":230.94812,"level":"free","location":"San Jose-Sunnyvale-Santa Clara, CA","method":"PUT","page":"NextSong","registration":1541016707796.0,"sessionId":278,"song":"It's Just A Thought","status":200,"ts":1541485312796,"userAgent":"\"Mozilla\/5.0 (X11; Linux x86_64) AppleWebKit\/537.36 (KHTML, like Gecko) Ubuntu Chromium\/36.0.1985.125 Chrome\/36.0.1985.125 Safari\/537.36\"","userId":"26"}
{"artist":"Paul Stanley","auth":"Logged In","firstName":"Tegan","gender":"F","itemInSession":1,"lastName":"Levine","length":187.32363,"level":"free","location":"Portland-South Portland, ME","method":"PUT","page":"NextSong","registration":1540794356796.0,"sessionId":279,"song":"Live To Win","status":200,"ts":1541485351796,"userAgent":"\"Mozilla\/5.0 (Macintosh; Intel Mac OS X 10_9_4) AppleWebKit\/537.36 (KHTML, like Gecko) Chrome\/36.0.1985.143 Safari\/537.36\"","userId":"80"}
{"artist":"Benga","auth":"Logged In","firstName":"Kevin","gender":"M","itemInSession":0,"lastName":"Arellano","length":314.64444,"level":"free","location":"Harrisburg-Carlisle, PA","method":"PUT","page":"NextSong","registration":1540006905796.0,"sessionId":191,"song":"Pleasure","status":200,"ts":1541489492796,"userAgent":"\"Mozilla\/5.0 (Macintosh; Intel Mac OS X 10_9_4) AppleWebKit\/537.36 (KHTML, like Gecko) Chrome\/36.0.1985.125 Safari\/537.36\"","userId":"66"}
{"artist":"Basshunter","auth":"Logged In","firstName":"Kevin","gender":"M","itemInSession":1,"lastName":"Arellano","length":190.17098,"level":"free","location":"Harrisburg-Carlisle, PA","method":"PUT","page":"NextSong","registration":1540006905796.0,"sessionId":191,"song":"Why","status":200,"ts":1541489806796,"userAgent":"\"Mozilla\/5.0 (Macintosh; Intel Mac OS X 10_9_4) AppleWebKit\/537.36 (KHTML, like Gecko) Chrome\/36.0.1985.125 Safari\/537.36\"","userId":"66"}
{"artist":"Kings Of Leon","auth":"Logged In","firstName":"Kevin","gender":"M","itemInSession":2,"lastName":"Arellano","length":231.81016,"level":"free","location":"Harrisburg-Carlisle, PA","method":"PUT","page":"NextSong","registration":1540006905796.0,"sessionId":191,"song":"Use Somebody","status":200,"ts":1541489996796,"userAgent":"\"Mozilla\/5.0 (Macintosh; Intel Mac OS X 10_9_4) AppleWebKit\/537.36 (KHTML, like Gecko) Chrome\/36.0.1985.125 Safari\/537.36\"","userId":"66"}
{"artist":"Slim Dusty","auth":"Logged In","firstName":"Austin","gender":"M","itemInSession":0,"lastName":"Rosales","length":198.922,"level":"free","location":"New York-Newark-Jersey City, NY-NJ-PA","method":"PUT","page":"NextSong","registration":1541059521796.0,"sessionId":300,"song":"Long Black Road","status":200,"ts":1541494159796,"userAgent":"Mozilla\/5.0 (Windows NT 6.1; rv:31.0) Gecko\/20100101 Firefox\/31.0","userId":"12"}
{"artist":null,"auth":"Logged In","firstName":"Ryan","gender":"M","itemInSession":0,"lastName":"Smith","length":null,"level":"free","location":"San Jose-Sunnyvale-Santa Clara, CA","method":"GET","page":"Home","registration":1541016707796.0,"sessionId":306,"song":null,"status":200,"ts":1541496567796,"userAgent":"\"Mozilla\/5.0 (X11; Linux x86_64) AppleWebKit\/537.36 (KHTML, like Gecko) Ubuntu Chromium\/36.0.1985.125 Chrome\/36.0.1985.125 Safari\/537.36\"","userId":"26"}
{"artist":"Dido","auth":"Logged In","firstName":"Celeste","gender":"F","itemInSession":0,"lastName":"Williams","length":235.57179,"level":"free","location":"Klamath Falls, OR","method":"PUT","page":"NextSong","registration":1541077528796.0,"sessionId":215,"song":"I'm No Angel","status":200,"ts":1541498691796,"userAgent":"\"Mozilla\/5.0 (Windows NT 6.1; WOW64) AppleWebKit\/537.36 (KHTML, like Gecko) Chrome\/37.0.2062.103 Safari\/537.36\"","userId":"53"}
{"artist":"Lifehouse","auth":"Logged In","firstName":"Celeste","gender":"F","itemInSession":1,"lastName":"Williams","length":195.47383,"level":"free","location":"Klamath Falls, OR","method":"PUT","page":"NextSong","registration":1541077528796.0,"sessionId":215,"song":"You And Me (Wedding Version)","status":200,"ts":1541498926796,"userAgent":"\"Mozilla\/5.0 (Windows NT 6.1; WOW64) AppleWebKit\/537.36 (KHTML, like Gecko) Chrome\/37.0.2062.103 Safari\/537.36\"","userId":"53"}
{"artist":"Gary U.S. Bonds","auth":"Logged In","firstName":"Celeste","gender":"F","itemInSession":2,"lastName":"Williams","length":243.25179,"level":"free","location":"Klamath Falls, OR","method":"PUT","page":"NextSong","registration":1541077528796.0,"sessionId":215,"song":"Angelyne","status":200,"ts":1541499121796,"userAgent":"\"Mozilla\/5.0 (Windows NT 6.1; WOW64) AppleWebKit\/537.36 (KHTML, like Gecko) Chrome\/37.0.2062.103 Safari\/537.36\"","userId":"53"}
{"artist":"Throw Me The Statue","auth":"Logged In","firstName":"Celeste","gender":"F","itemInSession":3,"lastName":"Williams","length":189.85751,"level":"free","location":"Klamath Falls, OR","method":"PUT","page":"NextSong","registration":1541077528796.0,"sessionId":215,"song":"Noises","status":200,"ts":1541499364796,"userAgent":"\"Mozilla\/5.0 (Windows NT 6.1; WOW64) AppleWebKit\/537.36 (KHTML, like Gecko) Chrome\/37.0.2062.103 Safari\/537.36\"","userId":"53"}
{"artist":"Steely Dan","auth":"Logged In","firstName":"Mohammad","gender":"M","itemInSession":0,"lastName":"Rodriguez","length":457.89995,"level":"free","location":"Sacramento--Roseville--Arden-Arcade, CA","method":"PUT","page":"NextSong","registration":1540511766796.0,"sessionId":206,"song":"Deacon Blues","status":200,"ts":1541505185796,"userAgent":"\"Mozilla\/5.0 (Macintosh; Intel Mac OS X 10_9_4) AppleWebKit\/537.36 (KHTML, like Gecko) Chrome\/36.0.1985.143 Safari\/537.36\"","userId":"88"}
{"artist":null,"auth":"Logged In","firstName":"Ava","gender":"F","itemInSession":0,"lastName":"Robinson","length":null,"level":"free","location":"New Haven-Milford, CT","method":"GET","page":"Home","registration":1540931983796.0,"sessionId":211,"song":null,"status":200,"ts":1541509101796,"userAgent":"\"Mozilla\/5.0 (Windows NT 6.3; WOW64) AppleWebKit\/537.36 (KHTML, like Gecko) Chrome\/36.0.1985.143 Safari\/537.36\"","userId":"50"}
{"artist":"Arctic Monkeys","auth":"Logged In","firstName":"Ava","gender":"F","itemInSession":1,"lastName":"Robinson","length":191.26812,"level":"free","location":"New Haven-Milford, CT","method":"PUT","page":"NextSong","registration":1540931983796.0,"sessionId":211,"song":"Old Yellow Bricks","status":200,"ts":1541509129796,"userAgent":"\"Mozilla\/5.0 (Windows NT 6.3; WOW64) AppleWebKit\/537.36 (KHTML, like Gecko) Chrome\/36.0.1985.143 Safari\/537.36\"","userId":"50"}
{"artist":"Sade","auth":"Logged In","firstName":"Ava","gender":"F","itemInSession":2,"lastName":"Robinson","length":271.96036,"level":"free","location":"New Haven-Milford, CT","method":"PUT","page":"NextSong","registration":1540931983796.0,"sessionId":211,"song":"Hang On To Your Love","status":200,"ts":1541509320796,"userAgent":"\"Mozilla\/5.0 (Windows NT 6.3; WOW64) AppleWebKit\/537.36 (KHTML, like Gecko) Chrome\/36.0.1985.143 Safari\/537.36\"","userId":"50"}
{"artist":null,"auth":"Logged In","firstName":"Ava","gender":"F","itemInSession":3,"lastName":"Robinson","length":null,"level":"free","location":"New Haven-Milford, CT","method":"GET","page":"Home","registration":1540931983796.0,"sessionId":211,"song":null,"status":200,"ts":1541509428796,"userAgent":"\"Mozilla\/5.0 (Windows NT 6.3; WOW64) AppleWebKit\/537.36 (KHTML, like Gecko) Chrome\/36.0.1985.143 Safari\/537.36\"","userId":"50"}
{"artist":"Florence + The Machine","auth":"Logged In","firstName":"Bronson","gender":"M","itemInSession":0,"lastName":"Harris","length":219.66322,"level":"free","location":"Eugene, OR","method":"PUT","page":"NextSong","registration":1540906915796.0,"sessionId":251,"song":"Dog Days Are Over (Radio Edit)","status":200,"ts":1541512300796,"userAgent":"\"Mozilla\/5.0 (Windows NT 6.1; WOW64) AppleWebKit\/537.36 (KHTML, like Gecko) Chrome\/36.0.1985.125 Safari\/537.36\"","userId":"33"}
{"artist":null,"auth":"Logged In","firstName":"Rylan","gender":"M","itemInSession":0,"lastName":"George","length":null,"level":"free","location":"Birmingham-Hoover, AL","method":"GET","page":"About","registration":1541020249796.0,"sessionId":233,"song":null,"status":200,"ts":1541512431796,"userAgent":"\"Mozilla\/5.0 (Macintosh; Intel Mac OS X 10_9_4) AppleWebKit\/537.77.4 (KHTML, like Gecko) Version\/7.0.5 Safari\/537.77.4\"","userId":"16"}
{"artist":null,"auth":"Logged In","firstName":"Maia","gender":"F","itemInSession":0,"lastName":"Burke","length":null,"level":"free","location":"Houston-The Woodlands-Sugar Land, TX","method":"GET","page":"Home","registration":1540676534796.0,"sessionId":230,"song":null,"status":200,"ts":1541514106796,"userAgent":"\"Mozilla\/5.0 (Windows NT 6.3; WOW64) AppleWebKit\/537.36 (KHTML, like Gecko) Chrome\/36.0.1985.143 Safari\/537.36\"","userId":"51"}
{"artist":"Vinnie Vincent Invasion","auth":"Logged In","firstName":"Sienna","gender":"F","itemInSession":0,"lastName":"Colon","length":303.12444,"level":"free","location":"Las Cruces, NM","method":"PUT","page":"NextSong","registration":1540013692796.0,"sessionId":291,"song":"Ashes To Ashes (2003 Digital Remaster)","status":200,"ts":1541515050796,"userAgent":"\"Mozilla\/5.0 (Windows NT 6.3; WOW64) AppleWebKit\/537.36 (KHTML, like Gecko) Chrome\/36.0.1985.125 Safari\/537.36\"","userId":"81"}
{"artist":null,"auth":"Logged In","firstName":"Evelin","gender":"F","itemInSession":0,"lastName":"Ayala","length":null,"level":"free","location":"Milwaukee-Waukesha-West Allis, WI","method":"GET","page":"Home","registration":1541007976796.0,"sessionId":33,"song":null,"status":200,"ts":1541515916796,"userAgent":"Mozilla\/5.0 (Macintosh; Intel Mac OS X 10.9; rv:31.0) Gecko\/20100101 Firefox\/31.0","userId":"34"}
{"artist":null,"auth":"Logged In","firstName":"Evelin","gender":"F","itemInSession":1,"lastName":"Ayala","length":null,"level":"free","location":"Milwaukee-Waukesha-West Allis, WI","method":"GET","page":"Settings","registration":1541007976796.0,"sessionId":33,"song":null,"status":200,"ts":1541516074796,"userAgent":"Mozilla\/5.0 (Macintosh; Intel Mac OS X 10.9; rv:31.0) Gecko\/20100101 Firefox\/31.0","userId":"34"}
{"artist":null,"auth":"Logged In","firstName":"Evelin","gender":"F","itemInSession":2,"lastName":"Ayala","length":null,"level":"free","location":"Milwaukee-Waukesha-West Allis, WI","method":"GET","page":"Settings","registration":1541007976796.0,"sessionId":33,"song":null,"status":200,"ts":1541516093796,"userAgent":"Mozilla\/5.0 (Macintosh; Intel Mac OS X 10.9; rv:31.0) Gecko\/20100101 Firefox\/31.0","userId":"34"}
{"artist":"Hellogoodbye;Elliott Yamin","auth":"Logged In","firstName":"Evelin","gender":"F","itemInSession":3,"lastName":"Ayala","length":218.38322,"level":"free","location":"Milwaukee-Waukesha-West Allis, WI","method":"PUT","page":"NextSong","registration":1541007976796.0,"sessionId":33,"song":"Here (In Your Arms) (Radio Edit)","status":200,"ts":1541516147796,"userAgent":"Mozilla\/5.0 (Macintosh; Intel Mac OS X 10.9; rv:31.0) Gecko\/20100101 Firefox\/31.0","userId":"34"}
{"artist":"Kanye West","auth":"Logged In","firstName":"Evelin","gender":"F","itemInSession":4,"lastName":"Ayala","length":311.92771,"level":"free","location":"Milwaukee-Waukesha-West Allis, WI","method":"PUT","page":"NextSong","registration":1541007976796.0,"sessionId":33,"song":"Stronger","status":200,"ts":1541516365796,"userAgent":"Mozilla\/5.0 (Macintosh; Intel Mac OS X 10.9; rv:31.0) Gecko\/20100101 Firefox\/31.0","userId":"34"}
{"artist":"Interpol","auth":"Logged In","firstName":"Evelin","gender":"F","itemInSession":5,"lastName":"Ayala","length":247.66649,"level":"free","location":"Milwaukee-Waukesha-West Allis, WI","method":"PUT","page":"NextSong","registration":1541007976796.0,"sessionId":33,"song":"Narc","status":200,"ts":1541516676796,"userAgent":"Mozilla\/5.0 (Macintosh; Intel Mac OS X 10.9; rv:31.0) Gecko\/20100101 Firefox\/31.0","userId":"34"}
{"artist":"Eminem","auth":"Logged In","firstName":"Evelin","gender":"F","itemInSession":6,"lastName":"Ayala","length":284.18567,"level":"free","location":"Milwaukee-Waukesha-West Allis, WI","method":"PUT","page":"NextSong","registration":1541007976796.0,"sessionId":33,"song":"The Real Slim Shady","status":200,"ts":1541516923796,"userAgent":"Mozilla\/5.0 (Macintosh; Intel Mac OS X 10.9; rv:31.0) Gecko\/20100101 Firefox\/31.0","userId":"34"}
{"artist":null,"auth":"Logged In","firstName":"Kevin","gender":"M","itemInSession":0,"lastName":"Arellano","length":null,"level":"free","location":"Harrisburg-Carlisle, PA","method":"GET","page":"Home","registration":1540006905796.0,"sessionId":308,"song":null,"status":200,"ts":1541517250796,"userAgent":"\"Mozilla\/5.0 (Macintosh; Intel Mac OS X 10_9_4) AppleWebKit\/537.36 (KHTML, like Gecko) Chrome\/36.0.1985.125 Safari\/537.36\"","userId":"66"}
{"artist":null,"auth":"Logged Out","firstName":null,"gender":null,"itemInSession":0,"lastName":null,"length":null,"level":"paid","location":null,"method":"PUT","page":"Login","registration":null,"sessionId":130,"song":null,"status":307,"ts":1541519496796,"userAgent":null,"userId":""}
{"artist":null,"auth":"Logged In","firstName":"Avery","gender":"F","itemInSession":1,"lastName":"Watkins","length":null,"level":"paid","location":"San Jose-Sunnyvale-Santa Clara, CA","method":"GET","page":"Home","registration":1540871783796.0,"sessionId":130,"song":null,"status":200,"ts":1541519519796,"userAgent":"Mozilla\/5.0 (Windows NT 6.1; WOW64; rv:31.0) Gecko\/20100101 Firefox\/31.0","userId":"30"}
{"artist":"Carla Bruni","auth":"Logged In","firstName":"Avery","gender":"F","itemInSession":2,"lastName":"Watkins","length":163.02975,"level":"paid","location":"San Jose-Sunnyvale-Santa Clara, CA","method":"PUT","page":"NextSong","registration":1540871783796.0,"sessionId":130,"song":"Quelqu'un M'a Dit (Album Version)","status":200,"ts":1541519555796,"userAgent":"Mozilla\/5.0 (Windows NT 6.1; WOW64; rv:31.0) Gecko\/20100101 Firefox\/31.0","userId":"30"}
{"artist":"Toby Keith","auth":"Logged In","firstName":"Avery","gender":"F","itemInSession":3,"lastName":"Watkins","length":192.31302,"level":"paid","location":"San Jose-Sunnyvale-Santa Clara, CA","method":"PUT","page":"NextSong","registration":1540871783796.0,"sessionId":130,"song":"You Ain't Leavin' (Thank God Are Ya)","status":200,"ts":1541519718796,"userAgent":"Mozilla\/5.0 (Windows NT 6.1; WOW64; rv:31.0) Gecko\/20100101 Firefox\/31.0","userId":"30"}
{"artist":"Dim Chris_ Thomas Gold","auth":"Logged In","firstName":"Jizelle","gender":"F","itemInSession":0,"lastName":"Benjamin","length":504.60689,"level":"free","location":"Plymouth, IN","method":"PUT","page":"NextSong","registration":1539908999796.0,"sessionId":126,"song":"Self Control (Laurent Wolf & Anton Wick)","status":200,"ts":1541519780796,"userAgent":"\"Mozilla\/5.0 (Windows NT 6.1; WOW64) AppleWebKit\/537.36 (KHTML, like Gecko) Chrome\/36.0.1985.125 Safari\/537.36\"","userId":"2"}
{"artist":"Blue Rodeo","auth":"Logged In","firstName":"Avery","gender":"F","itemInSession":4,"lastName":"Watkins","length":310.9873,"level":"paid","location":"San Jose-Sunnyvale-Santa Clara, CA","method":"PUT","page":"NextSong","registration":1540871783796.0,"sessionId":130,"song":"Hasn't Hit Me Yet","status":200,"ts":1541519910796,"userAgent":"Mozilla\/5.0 (Windows NT 6.1; WOW64; rv:31.0) Gecko\/20100101 Firefox\/31.0","userId":"30"}
{"artist":null,"auth":"Logged In","firstName":"Lily","gender":"F","itemInSession":0,"lastName":"Burns","length":null,"level":"free","location":"New York-Newark-Jersey City, NY-NJ-PA","method":"GET","page":"Home","registration":1540621059796.0,"sessionId":305,"song":null,"status":200,"ts":1541520058796,"userAgent":"\"Mozilla\/5.0 (Windows NT 6.1; WOW64) AppleWebKit\/537.36 (KHTML, like Gecko) Chrome\/36.0.1985.125 Safari\/537.36\"","userId":"32"}
{"artist":"Evanescence","auth":"Logged In","firstName":"Lily","gender":"F","itemInSession":1,"lastName":"Burns","length":237.11302,"level":"free","location":"New York-Newark-Jersey City, NY-NJ-PA","method":"PUT","page":"NextSong","registration":1540621059796.0,"sessionId":305,"song":"Bring Me To Life","status":200,"ts":1541520095796,"userAgent":"\"Mozilla\/5.0 (Windows NT 6.1; WOW64) AppleWebKit\/537.36 (KHTML, like Gecko) Chrome\/36.0.1985.125 Safari\/537.36\"","userId":"32"}
{"artist":"Beyonc\u00c3\u0083\u00c2\u00a9","auth":"Logged In","firstName":"Avery","gender":"F","itemInSession":5,"lastName":"Watkins","length":190.06649,"level":"paid","location":"San Jose-Sunnyvale-Santa Clara, CA","method":"PUT","page":"NextSong","registration":1540871783796.0,"sessionId":130,"song":"I'd Rather Go Blind","status":200,"ts":1541520220796,"userAgent":"Mozilla\/5.0 (Windows NT 6.1; WOW64; rv:31.0) Gecko\/20100101 Firefox\/31.0","userId":"30"}
{"artist":"Lupe Fiasco","auth":"Logged In","firstName":"Jizelle","gender":"F","itemInSession":1,"lastName":"Benjamin","length":262.89587,"level":"free","location":"Plymouth, IN","method":"PUT","page":"NextSong","registration":1539908999796.0,"sessionId":126,"song":"Hurt Me Soul (Explicit Album Version)","status":200,"ts":1541520284796,"userAgent":"\"Mozilla\/5.0 (Windows NT 6.1; WOW64) AppleWebKit\/537.36 (KHTML, like Gecko) Chrome\/36.0.1985.125 Safari\/537.36\"","userId":"2"}
{"artist":"Deadmau5","auth":"Logged In","firstName":"Lily","gender":"F","itemInSession":2,"lastName":"Burns","length":296.64608,"level":"free","location":"New York-Newark-Jersey City, NY-NJ-PA","method":"PUT","page":"NextSong","registration":1540621059796.0,"sessionId":305,"song":"Moar Ghosts 'n' Stuff","status":200,"ts":1541520332796,"userAgent":"\"Mozilla\/5.0 (Windows NT 6.1; WOW64) AppleWebKit\/537.36 (KHTML, like Gecko) Chrome\/36.0.1985.125 Safari\/537.36\"","userId":"32"}
{"artist":"Daft Punk","auth":"Logged In","firstName":"Avery","gender":"F","itemInSession":6,"lastName":"Watkins","length":295.13098,"level":"paid","location":"San Jose-Sunnyvale-Santa Clara, CA","method":"PUT","page":"NextSong","registration":1540871783796.0,"sessionId":130,"song":"Face To Face \/ Short Circuit","status":200,"ts":1541520410796,"userAgent":"Mozilla\/5.0 (Windows NT 6.1; WOW64; rv:31.0) Gecko\/20100101 Firefox\/31.0","userId":"30"}
{"artist":"Jay-Jay Johanson","auth":"Logged In","firstName":"Jizelle","gender":"F","itemInSession":2,"lastName":"Benjamin","length":381.43955,"level":"free","location":"Plymouth, IN","method":"PUT","page":"NextSong","registration":1539908999796.0,"sessionId":126,"song":"Tell Me When The Party's Over\/Prequiem","status":200,"ts":1541520546796,"userAgent":"\"Mozilla\/5.0 (Windows NT 6.1; WOW64) AppleWebKit\/537.36 (KHTML, like Gecko) Chrome\/36.0.1985.125 Safari\/537.36\"","userId":"2"}
{"artist":"Gigi D'agostino","auth":"Logged In","firstName":"Lily","gender":"F","itemInSession":3,"lastName":"Burns","length":241.73669,"level":"free","location":"New York-Newark-Jersey City, NY-NJ-PA","method":"PUT","page":"NextSong","registration":1540621059796.0,"sessionId":305,"song":"Emotions","status":200,"ts":1541520628796,"userAgent":"\"Mozilla\/5.0 (Windows NT 6.1; WOW64) AppleWebKit\/537.36 (KHTML, like Gecko) Chrome\/36.0.1985.125 Safari\/537.36\"","userId":"32"}
{"artist":"Great Lake Swimmers","auth":"Logged In","firstName":"Avery","gender":"F","itemInSession":7,"lastName":"Watkins","length":185.46893,"level":"paid","location":"San Jose-Sunnyvale-Santa Clara, CA","method":"PUT","page":"NextSong","registration":1540871783796.0,"sessionId":130,"song":"Falling Into the Sky","status":200,"ts":1541520705796,"userAgent":"Mozilla\/5.0 (Windows NT 6.1; WOW64; rv:31.0) Gecko\/20100101 Firefox\/31.0","userId":"30"}
{"artist":"Linkin Park","auth":"Logged In","firstName":"Lily","gender":"F","itemInSession":4,"lastName":"Burns","length":175.38567,"level":"free","location":"New York-Newark-Jersey City, NY-NJ-PA","method":"PUT","page":"NextSong","registration":1540621059796.0,"sessionId":305,"song":"Lying From You (Album Version)","status":200,"ts":1541520869796,"userAgent":"\"Mozilla\/5.0 (Windows NT 6.1; WOW64) AppleWebKit\/537.36 (KHTML, like Gecko) Chrome\/36.0.1985.125 Safari\/537.36\"","userId":"32"}
{"artist":"the bird and the bee","auth":"Logged In","firstName":"Avery","gender":"F","itemInSession":8,"lastName":"Watkins","length":225.17506,"level":"paid","location":"San Jose-Sunnyvale-Santa Clara, CA","method":"PUT","page":"NextSong","registration":1540871783796.0,"sessionId":130,"song":"My Love","status":200,"ts":1541520890796,"userAgent":"Mozilla\/5.0 (Windows NT 6.1; WOW64; rv:31.0) Gecko\/20100101 Firefox\/31.0","userId":"30"}
{"artist":"Martine McCutcheon","auth":"Logged In","firstName":"Jizelle","gender":"F","itemInSession":3,"lastName":"Benjamin","length":185.05098,"level":"free","location":"Plymouth, IN","method":"PUT","page":"NextSong","registration":1539908999796.0,"sessionId":126,"song":"The Lady Is A Tramp (From 'Babes In Arms')","status":200,"ts":1541520927796,"userAgent":"\"Mozilla\/5.0 (Windows NT 6.1; WOW64) AppleWebKit\/537.36 (KHTML, like Gecko) Chrome\/36.0.1985.125 Safari\/537.36\"","userId":"2"}
{"artist":"Justin Bieber","auth":"Logged In","firstName":"Lily","gender":"F","itemInSession":5,"lastName":"Burns","length":191.55546,"level":"free","location":"New York-Newark-Jersey City, NY-NJ-PA","method":"PUT","page":"NextSong","registration":1540621059796.0,"sessionId":305,"song":"Love Me","status":200,"ts":1541521044796,"userAgent":"\"Mozilla\/5.0 (Windows NT 6.1; WOW64) AppleWebKit\/537.36 (KHTML, like Gecko) Chrome\/36.0.1985.125 Safari\/537.36\"","userId":"32"}
{"artist":"Leo Garc\u00c3\u0083\u00c2\u00ada","auth":"Logged In","firstName":"Katherine","gender":"F","itemInSession":0,"lastName":"Gay","length":160.91383,"level":"free","location":"San Antonio-New Braunfels, TX","method":"PUT","page":"NextSong","registration":1540968306796.0,"sessionId":266,"song":"Nadie Salva","status":200,"ts":1541521083796,"userAgent":"\"Mozilla\/5.0 (Macintosh; Intel Mac OS X 10_6_8) AppleWebKit\/534.59.10 (KHTML, like Gecko) Version\/5.1.9 Safari\/534.59.10\"","userId":"57"}
{"artist":"Matt Redman","auth":"Logged In","firstName":"Avery","gender":"F","itemInSession":9,"lastName":"Watkins","length":289.35791,"level":"paid","location":"San Jose-Sunnyvale-Santa Clara, CA","method":"PUT","page":"NextSong","registration":1540871783796.0,"sessionId":130,"song":"You Never Let Go","status":200,"ts":1541521115796,"userAgent":"Mozilla\/5.0 (Windows NT 6.1; WOW64; rv:31.0) Gecko\/20100101 Firefox\/31.0","userId":"30"}
{"artist":"Coldplay","auth":"Logged In","firstName":"Katherine","gender":"F","itemInSession":1,"lastName":"Gay","length":268.38159,"level":"free","location":"San Antonio-New Braunfels, TX","method":"PUT","page":"NextSong","registration":1540968306796.0,"sessionId":266,"song":"Yellow","status":200,"ts":1541521243796,"userAgent":"\"Mozilla\/5.0 (Macintosh; Intel Mac OS X 10_6_8) AppleWebKit\/534.59.10 (KHTML, like Gecko) Version\/5.1.9 Safari\/534.59.10\"","userId":"57"}
{"artist":"DHT Feat. Edm\u00c3\u0083\u00c2\u00a9e","auth":"Logged In","firstName":"Avery","gender":"F","itemInSession":10,"lastName":"Watkins","length":229.98159,"level":"paid","location":"San Jose-Sunnyvale-Santa Clara, CA","method":"PUT","page":"NextSong","registration":1540871783796.0,"sessionId":130,"song":"Listen To Your Heart","status":200,"ts":1541521404796,"userAgent":"Mozilla\/5.0 (Windows NT 6.1; WOW64; rv:31.0) Gecko\/20100101 Firefox\/31.0","userId":"30"}
{"artist":"Tarkan","auth":"Logged In","firstName":"Avery","gender":"F","itemInSession":11,"lastName":"Watkins","length":194.16771,"level":"paid","location":"San Jose-Sunnyvale-Santa Clara, CA","method":"PUT","page":"NextSong","registration":1540871783796.0,"sessionId":130,"song":"Simarik","status":200,"ts":1541521633796,"userAgent":"Mozilla\/5.0 (Windows NT 6.1; WOW64; rv:31.0) Gecko\/20100101 Firefox\/31.0","userId":"30"}
{"artist":"The Rifles","auth":"Logged In","firstName":"Avery","gender":"F","itemInSession":12,"lastName":"Watkins","length":147.87873,"level":"paid","location":"San Jose-Sunnyvale-Santa Clara, CA","method":"PUT","page":"NextSong","registration":1540871783796.0,"sessionId":130,"song":"For The Meantime","status":200,"ts":1541521827796,"userAgent":"Mozilla\/5.0 (Windows NT 6.1; WOW64; rv:31.0) Gecko\/20100101 Firefox\/31.0","userId":"30"}
{"artist":null,"auth":"Logged In","firstName":"Jizelle","gender":"F","itemInSession":4,"lastName":"Benjamin","length":null,"level":"free","location":"Plymouth, IN","method":"GET","page":"Home","registration":1539908999796.0,"sessionId":126,"song":null,"status":200,"ts":1541521842796,"userAgent":"\"Mozilla\/5.0 (Windows NT 6.1; WOW64) AppleWebKit\/537.36 (KHTML, like Gecko) Chrome\/36.0.1985.125 Safari\/537.36\"","userId":"2"}
{"artist":"The Killers","auth":"Logged In","firstName":"Avery","gender":"F","itemInSession":13,"lastName":"Watkins","length":491.57179,"level":"paid","location":"San Jose-Sunnyvale-Santa Clara, CA","method":"PUT","page":"NextSong","registration":1540871783796.0,"sessionId":130,"song":"Human","status":200,"ts":1541521974796,"userAgent":"Mozilla\/5.0 (Windows NT 6.1; WOW64; rv:31.0) Gecko\/20100101 Firefox\/31.0","userId":"30"}
{"artist":"J. Geils Band","auth":"Logged In","firstName":"Jizelle","gender":"F","itemInSession":5,"lastName":"Benjamin","length":224.44363,"level":"free","location":"Plymouth, IN","method":"PUT","page":"NextSong","registration":1539908999796.0,"sessionId":126,"song":"Love Stinks","status":200,"ts":1541522071796,"userAgent":"\"Mozilla\/5.0 (Windows NT 6.1; WOW64) AppleWebKit\/537.36 (KHTML, like Gecko) Chrome\/36.0.1985.125 Safari\/537.36\"","userId":"2"}
{"artist":"Shakira","auth":"Logged In","firstName":"Jizelle","gender":"F","itemInSession":6,"lastName":"Benjamin","length":148.1922,"level":"free","location":"Plymouth, IN","method":"PUT","page":"NextSong","registration":1539908999796.0,"sessionId":126,"song":"Pienso En Ti","status":200,"ts":1541522295796,"userAgent":"\"Mozilla\/5.0 (Windows NT 6.1; WOW64) AppleWebKit\/537.36 (KHTML, like Gecko) Chrome\/36.0.1985.125 Safari\/537.36\"","userId":"2"}
{"artist":null,"auth":"Logged In","firstName":"Jizelle","gender":"F","itemInSession":7,"lastName":"Benjamin","length":null,"level":"free","location":"Plymouth, IN","method":"PUT","page":"Logout","registration":1539908999796.0,"sessionId":126,"song":null,"status":307,"ts":1541522296796,"userAgent":"\"Mozilla\/5.0 (Windows NT 6.1; WOW64) AppleWebKit\/537.36 (KHTML, like Gecko) Chrome\/36.0.1985.125 Safari\/537.36\"","userId":"2"}
{"artist":null,"auth":"Logged Out","firstName":null,"gender":null,"itemInSession":8,"lastName":null,"length":null,"level":"free","location":null,"method":"GET","page":"Home","registration":null,"sessionId":126,"song":null,"status":200,"ts":1541522448796,"userAgent":null,"userId":""}
{"artist":"Radiohead","auth":"Logged In","firstName":"Avery","gender":"F","itemInSession":14,"lastName":"Watkins","length":231.91465,"level":"paid","location":"San Jose-Sunnyvale-Santa Clara, CA","method":"PUT","page":"NextSong","registration":1540871783796.0,"sessionId":130,"song":"(Nice Dream)","status":200,"ts":1541522465796,"userAgent":"Mozilla\/5.0 (Windows NT 6.1; WOW64; rv:31.0) Gecko\/20100101 Firefox\/31.0","userId":"30"}
{"artist":null,"auth":"Logged In","firstName":"Ryan","gender":"M","itemInSession":0,"lastName":"Smith","length":null,"level":"free","location":"San Jose-Sunnyvale-Santa Clara, CA","method":"GET","page":"Home","registration":1541016707796.0,"sessionId":310,"song":null,"status":200,"ts":1541522479796,"userAgent":"\"Mozilla\/5.0 (X11; Linux x86_64) AppleWebKit\/537.36 (KHTML, like Gecko) Ubuntu Chromium\/36.0.1985.125 Chrome\/36.0.1985.125 Safari\/537.36\"","userId":"26"}
{"artist":null,"auth":"Logged Out","firstName":null,"gender":null,"itemInSession":9,"lastName":null,"length":null,"level":"free","location":null,"method":"GET","page":"About","registration":null,"sessionId":126,"song":null,"status":200,"ts":1541522507796,"userAgent":null,"userId":""}
{"artist":null,"auth":"Logged Out","firstName":null,"gender":null,"itemInSession":10,"lastName":null,"length":null,"level":"free","location":null,"method":"PUT","page":"Login","registration":null,"sessionId":126,"song":null,"status":307,"ts":1541522508796,"userAgent":null,"userId":""}
{"artist":null,"auth":"Logged In","firstName":"Jizelle","gender":"F","itemInSession":11,"lastName":"Benjamin","length":null,"level":"free","location":"Plymouth, IN","method":"GET","page":"Home","registration":1539908999796.0,"sessionId":126,"song":null,"status":200,"ts":1541522568796,"userAgent":"\"Mozilla\/5.0 (Windows NT 6.1; WOW64) AppleWebKit\/537.36 (KHTML, like Gecko) Chrome\/36.0.1985.125 Safari\/537.36\"","userId":"2"}
{"artist":"Muse","auth":"Logged In","firstName":"Avery","gender":"F","itemInSession":15,"lastName":"Watkins","length":304.84853,"level":"paid","location":"San Jose-Sunnyvale-Santa Clara, CA","method":"PUT","page":"NextSong","registration":1540871783796.0,"sessionId":130,"song":"Uprising","status":200,"ts":1541522696796,"userAgent":"Mozilla\/5.0 (Windows NT 6.1; WOW64; rv:31.0) Gecko\/20100101 Firefox\/31.0","userId":"30"}
{"artist":"Spoon","auth":"Logged In","firstName":"Mohammad","gender":"M","itemInSession":0,"lastName":"Rodriguez","length":222.32771,"level":"free","location":"Sacramento--Roseville--Arden-Arcade, CA","method":"PUT","page":"NextSong","registration":1540511766796.0,"sessionId":312,"song":"The Underdog (Album version)","status":200,"ts":1541525975796,"userAgent":"\"Mozilla\/5.0 (Macintosh; Intel Mac OS X 10_9_4) AppleWebKit\/537.36 (KHTML, like Gecko) Chrome\/36.0.1985.143 Safari\/537.36\"","userId":"88"}
{"artist":"Blind Pilot","auth":"Logged In","firstName":"Mohammad","gender":"M","itemInSession":1,"lastName":"Rodriguez","length":195.39546,"level":"free","location":"Sacramento--Roseville--Arden-Arcade, CA","method":"PUT","page":"NextSong","registration":1540511766796.0,"sessionId":312,"song":"Things I Cannot Recall","status":200,"ts":1541526197796,"userAgent":"\"Mozilla\/5.0 (Macintosh; Intel Mac OS X 10_9_4) AppleWebKit\/537.36 (KHTML, like Gecko) Chrome\/36.0.1985.143 Safari\/537.36\"","userId":"88"}
{"artist":"Delirious?","auth":"Logged In","firstName":"Mohammad","gender":"M","itemInSession":2,"lastName":"Rodriguez","length":397.26975,"level":"free","location":"Sacramento--Roseville--Arden-Arcade, CA","method":"PUT","page":"NextSong","registration":1540511766796.0,"sessionId":312,"song":"History Maker","status":200,"ts":1541526392796,"userAgent":"\"Mozilla\/5.0 (Macintosh; Intel Mac OS X 10_9_4) AppleWebKit\/537.36 (KHTML, like Gecko) Chrome\/36.0.1985.143 Safari\/537.36\"","userId":"88"}
{"artist":null,"auth":"Logged In","firstName":"Mohammad","gender":"M","itemInSession":3,"lastName":"Rodriguez","length":null,"level":"free","location":"Sacramento--Roseville--Arden-Arcade, CA","method":"GET","page":"Upgrade","registration":1540511766796.0,"sessionId":312,"song":null,"status":200,"ts":1541526425796,"userAgent":"\"Mozilla\/5.0 (Macintosh; Intel Mac OS X 10_9_4) AppleWebKit\/537.36 (KHTML, like Gecko) Chrome\/36.0.1985.143 Safari\/537.36\"","userId":"88"}
{"artist":"Incubus","auth":"Logged In","firstName":"Kate","gender":"F","itemInSession":0,"lastName":"Harrell","length":237.06077,"level":"paid","location":"Lansing-East Lansing, MI","method":"PUT","page":"NextSong","registration":1540472624796.0,"sessionId":293,"song":"Love Hurts","status":200,"ts":1541527887796,"userAgent":"\"Mozilla\/5.0 (X11; Linux x86_64) AppleWebKit\/537.36 (KHTML, like Gecko) Chrome\/37.0.2062.94 Safari\/537.36\"","userId":"97"}
{"artist":"No Te Va Gustar","auth":"Logged In","firstName":"Kate","gender":"F","itemInSession":1,"lastName":"Harrell","length":162.95138,"level":"paid","location":"Lansing-East Lansing, MI","method":"PUT","page":"NextSong","registration":1540472624796.0,"sessionId":293,"song":"No Llegas A M\u00c3\u0083\u00c2\u00ad","status":200,"ts":1541528124796,"userAgent":"\"Mozilla\/5.0 (X11; Linux x86_64) AppleWebKit\/537.36 (KHTML, like Gecko) Chrome\/37.0.2062.94 Safari\/537.36\"","userId":"97"}
{"artist":"Radiohead","auth":"Logged In","firstName":"Kate","gender":"F","itemInSession":2,"lastName":"Harrell","length":321.27955,"level":"paid","location":"Lansing-East Lansing, MI","method":"PUT","page":"NextSong","registration":1540472624796.0,"sessionId":293,"song":"There_ There","status":200,"ts":1541528286796,"userAgent":"\"Mozilla\/5.0 (X11; Linux x86_64) AppleWebKit\/537.36 (KHTML, like Gecko) Chrome\/37.0.2062.94 Safari\/537.36\"","userId":"97"}
{"artist":"Nas","auth":"Logged In","firstName":"Kate","gender":"F","itemInSession":3,"lastName":"Harrell","length":268.7473,"level":"paid","location":"Lansing-East Lansing, MI","method":"PUT","page":"NextSong","registration":1540472624796.0,"sessionId":293,"song":"Black President","status":200,"ts":1541528607796,"userAgent":"\"Mozilla\/5.0 (X11; Linux x86_64) AppleWebKit\/537.36 (KHTML, like Gecko) Chrome\/37.0.2062.94 Safari\/537.36\"","userId":"97"}
{"artist":"Samajona","auth":"Logged In","firstName":"Kate","gender":"F","itemInSession":4,"lastName":"Harrell","length":178.36363,"level":"paid","location":"Lansing-East Lansing, MI","method":"PUT","page":"NextSong","registration":1540472624796.0,"sessionId":293,"song":"Shake Your Body","status":200,"ts":1541528875796,"userAgent":"\"Mozilla\/5.0 (X11; Linux x86_64) AppleWebKit\/537.36 (KHTML, like Gecko) Chrome\/37.0.2062.94 Safari\/537.36\"","userId":"97"}
{"artist":"Chicane","auth":"Logged In","firstName":"Kate","gender":"F","itemInSession":5,"lastName":"Harrell","length":218.33098,"level":"paid","location":"Lansing-East Lansing, MI","method":"PUT","page":"NextSong","registration":1540472624796.0,"sessionId":293,"song":"Love On The Run","status":200,"ts":1541529053796,"userAgent":"\"Mozilla\/5.0 (X11; Linux x86_64) AppleWebKit\/537.36 (KHTML, like Gecko) Chrome\/37.0.2062.94 Safari\/537.36\"","userId":"97"}
{"artist":"Lupe Fiasco","auth":"Logged In","firstName":"Kate","gender":"F","itemInSession":6,"lastName":"Harrell","length":280.52853,"level":"paid","location":"Lansing-East Lansing, MI","method":"PUT","page":"NextSong","registration":1540472624796.0,"sessionId":293,"song":"American Terrorist [feat. Matthew Santos] (Explicit Album Version)","status":200,"ts":1541529271796,"userAgent":"\"Mozilla\/5.0 (X11; Linux x86_64) AppleWebKit\/537.36 (KHTML, like Gecko) Chrome\/37.0.2062.94 Safari\/537.36\"","userId":"97"}
{"artist":"Madonna","auth":"Logged In","firstName":"Kate","gender":"F","itemInSession":7,"lastName":"Harrell","length":260.75383,"level":"paid","location":"Lansing-East Lansing, MI","method":"PUT","page":"NextSong","registration":1540472624796.0,"sessionId":293,"song":"Beautiful Stranger","status":200,"ts":1541529551796,"userAgent":"\"Mozilla\/5.0 (X11; Linux x86_64) AppleWebKit\/537.36 (KHTML, like Gecko) Chrome\/37.0.2062.94 Safari\/537.36\"","userId":"97"}
{"artist":"Telex","auth":"Logged In","firstName":"Kate","gender":"F","itemInSession":8,"lastName":"Harrell","length":352.83546,"level":"paid","location":"Lansing-East Lansing, MI","method":"PUT","page":"NextSong","registration":1540472624796.0,"sessionId":293,"song":"On The Road Again (Pigna People Remix)","status":200,"ts":1541529811796,"userAgent":"\"Mozilla\/5.0 (X11; Linux x86_64) AppleWebKit\/537.36 (KHTML, like Gecko) Chrome\/37.0.2062.94 Safari\/537.36\"","userId":"97"}
{"artist":"Modest Mouse","auth":"Logged In","firstName":"Kate","gender":"F","itemInSession":9,"lastName":"Harrell","length":209.52771,"level":"paid","location":"Lansing-East Lansing, MI","method":"PUT","page":"NextSong","registration":1540472624796.0,"sessionId":293,"song":"Float On","status":200,"ts":1541530163796,"userAgent":"\"Mozilla\/5.0 (X11; Linux x86_64) AppleWebKit\/537.36 (KHTML, like Gecko) Chrome\/37.0.2062.94 Safari\/537.36\"","userId":"97"}
{"artist":"Cassandra Wilson","auth":"Logged In","firstName":"Ryan","gender":"M","itemInSession":0,"lastName":"Smith","length":283.0624,"level":"free","location":"San Jose-Sunnyvale-Santa Clara, CA","method":"PUT","page":"NextSong","registration":1541016707796.0,"sessionId":322,"song":"Dust My Broom","status":200,"ts":1541530317796,"userAgent":"\"Mozilla\/5.0 (X11; Linux x86_64) AppleWebKit\/537.36 (KHTML, like Gecko) Ubuntu Chromium\/36.0.1985.125 Chrome\/36.0.1985.125 Safari\/537.36\"","userId":"26"}
{"artist":"Eminem \/ Dina Rae","auth":"Logged In","firstName":"Kate","gender":"F","itemInSession":10,"lastName":"Harrell","length":350.11873,"level":"paid","location":"Lansing-East Lansing, MI","method":"PUT","page":"NextSong","registration":1540472624796.0,"sessionId":293,"song":"Superman","status":200,"ts":1541530372796,"userAgent":"\"Mozilla\/5.0 (X11; Linux x86_64) AppleWebKit\/537.36 (KHTML, like Gecko) Chrome\/37.0.2062.94 Safari\/537.36\"","userId":"97"}
{"artist":"Eliza Doolittle","auth":"Logged In","firstName":"Ryan","gender":"M","itemInSession":1,"lastName":"Smith","length":200.30649,"level":"free","location":"San Jose-Sunnyvale-Santa Clara, CA","method":"PUT","page":"NextSong","registration":1541016707796.0,"sessionId":322,"song":"Police Car","status":200,"ts":1541530600796,"userAgent":"\"Mozilla\/5.0 (X11; Linux x86_64) AppleWebKit\/537.36 (KHTML, like Gecko) Ubuntu Chromium\/36.0.1985.125 Chrome\/36.0.1985.125 Safari\/537.36\"","userId":"26"}
{"artist":"Vivian Green","auth":"Logged In","firstName":"Kate","gender":"F","itemInSession":11,"lastName":"Harrell","length":336.43057,"level":"paid","location":"Lansing-East Lansing, MI","method":"PUT","page":"NextSong","registration":1540472624796.0,"sessionId":293,"song":"Love For Sale","status":200,"ts":1541530722796,"userAgent":"\"Mozilla\/5.0 (X11; Linux x86_64) AppleWebKit\/537.36 (KHTML, like Gecko) Chrome\/37.0.2062.94 Safari\/537.36\"","userId":"97"}
{"artist":"Dean Martin","auth":"Logged In","firstName":"Kate","gender":"F","itemInSession":12,"lastName":"Harrell","length":185.83465,"level":"paid","location":"Lansing-East Lansing, MI","method":"PUT","page":"NextSong","registration":1540472624796.0,"sessionId":293,"song":"Non Dimenticar","status":200,"ts":1541531058796,"userAgent":"\"Mozilla\/5.0 (X11; Linux x86_64) AppleWebKit\/537.36 (KHTML, like Gecko) Chrome\/37.0.2062.94 Safari\/537.36\"","userId":"97"}
{"artist":"Skid Row","auth":"Logged In","firstName":"Kate","gender":"F","itemInSession":13,"lastName":"Harrell","length":218.64444,"level":"paid","location":"Lansing-East Lansing, MI","method":"PUT","page":"NextSong","registration":1540472624796.0,"sessionId":293,"song":"Swallow Me (The Real You)","status":200,"ts":1541531243796,"userAgent":"\"Mozilla\/5.0 (X11; Linux x86_64) AppleWebKit\/537.36 (KHTML, like Gecko) Chrome\/37.0.2062.94 Safari\/537.36\"","userId":"97"}
{"artist":"Destroy The Runner","auth":"Logged In","firstName":"Kate","gender":"F","itemInSession":14,"lastName":"Harrell","length":232.09751,"level":"paid","location":"Lansing-East Lansing, MI","method":"PUT","page":"NextSong","registration":1540472624796.0,"sessionId":293,"song":"Mr. And Mrs. Cuckoldom","status":200,"ts":1541531461796,"userAgent":"\"Mozilla\/5.0 (X11; Linux x86_64) AppleWebKit\/537.36 (KHTML, like Gecko) Chrome\/37.0.2062.94 Safari\/537.36\"","userId":"97"}
{"artist":"Bj\u00c3\u0083\u00c2\u00b6rk","auth":"Logged In","firstName":"Kate","gender":"F","itemInSession":15,"lastName":"Harrell","length":348.57751,"level":"paid","location":"Lansing-East Lansing, MI","method":"PUT","page":"NextSong","registration":1540472624796.0,"sessionId":293,"song":"Undo","status":200,"ts":1541531693796,"userAgent":"\"Mozilla\/5.0 (X11; Linux x86_64) AppleWebKit\/537.36 (KHTML, like Gecko) Chrome\/37.0.2062.94 Safari\/537.36\"","userId":"97"}
{"artist":"Green Day","auth":"Logged In","firstName":"Kate","gender":"F","itemInSession":16,"lastName":"Harrell","length":213.02812,"level":"paid","location":"Lansing-East Lansing, MI","method":"PUT","page":"NextSong","registration":1540472624796.0,"sessionId":293,"song":"Give Me Novacaine [feat. Green Day & The Cast Of American Idiot] (Album Version)","status":200,"ts":1541532041796,"userAgent":"\"Mozilla\/5.0 (X11; Linux x86_64) AppleWebKit\/537.36 (KHTML, like Gecko) Chrome\/37.0.2062.94 Safari\/537.36\"","userId":"97"}
{"artist":"23 Skidoo","auth":"Logged In","firstName":"Kate","gender":"F","itemInSession":17,"lastName":"Harrell","length":236.56444,"level":"paid","location":"Lansing-East Lansing, MI","method":"PUT","page":"NextSong","registration":1540472624796.0,"sessionId":293,"song":"S-Matrix (Part 1 - A Winter Ritual)","status":200,"ts":1541532254796,"userAgent":"\"Mozilla\/5.0 (X11; Linux x86_64) AppleWebKit\/537.36 (KHTML, like Gecko) Chrome\/37.0.2062.94 Safari\/537.36\"","userId":"97"}
{"artist":"Thurston Moore","auth":"Logged In","firstName":"Kate","gender":"F","itemInSession":18,"lastName":"Harrell","length":139.98975,"level":"paid","location":"Lansing-East Lansing, MI","method":"PUT","page":"NextSong","registration":1540472624796.0,"sessionId":293,"song":"Feathers","status":200,"ts":1541532490796,"userAgent":"\"Mozilla\/5.0 (X11; Linux x86_64) AppleWebKit\/537.36 (KHTML, like Gecko) Chrome\/37.0.2062.94 Safari\/537.36\"","userId":"97"}
{"artist":null,"auth":"Logged In","firstName":"Kate","gender":"F","itemInSession":19,"lastName":"Harrell","length":null,"level":"paid","location":"Lansing-East Lansing, MI","method":"GET","page":"Downgrade","registration":1540472624796.0,"sessionId":293,"song":null,"status":200,"ts":1541532510796,"userAgent":"\"Mozilla\/5.0 (X11; Linux x86_64) AppleWebKit\/537.36 (KHTML, like Gecko) Chrome\/37.0.2062.94 Safari\/537.36\"","userId":"97"}
{"artist":null,"auth":"Logged In","firstName":"Kate","gender":"F","itemInSession":20,"lastName":"Harrell","length":null,"level":"paid","location":"Lansing-East Lansing, MI","method":"GET","page":"Home","registration":1540472624796.0,"sessionId":293,"song":null,"status":200,"ts":1541532621796,"userAgent":"\"Mozilla\/5.0 (X11; Linux x86_64) AppleWebKit\/537.36 (KHTML, like Gecko) Chrome\/37.0.2062.94 Safari\/537.36\"","userId":"97"}
{"artist":"Irma Thomas","auth":"Logged In","firstName":"Kate","gender":"F","itemInSession":21,"lastName":"Harrell","length":180.50567,"level":"paid","location":"Lansing-East Lansing, MI","method":"PUT","page":"NextSong","registration":1540472624796.0,"sessionId":293,"song":"Anyone Who Knows What Love Is (Will Understand)","status":200,"ts":1541532629796,"userAgent":"\"Mozilla\/5.0 (X11; Linux x86_64) AppleWebKit\/537.36 (KHTML, like Gecko) Chrome\/37.0.2062.94 Safari\/537.36\"","userId":"97"}
{"artist":"Micatone","auth":"Logged In","firstName":"Kate","gender":"F","itemInSession":22,"lastName":"Harrell","length":379.68934,"level":"paid","location":"Lansing-East Lansing, MI","method":"PUT","page":"NextSong","registration":1540472624796.0,"sessionId":293,"song":"Nomad","status":200,"ts":1541532809796,"userAgent":"\"Mozilla\/5.0 (X11; Linux x86_64) AppleWebKit\/537.36 (KHTML, like Gecko) Chrome\/37.0.2062.94 Safari\/537.36\"","userId":"97"}
{"artist":"Jonathan Coulton","auth":"Logged In","firstName":"Kate","gender":"F","itemInSession":23,"lastName":"Harrell","length":182.7522,"level":"paid","location":"Lansing-East Lansing, MI","method":"PUT","page":"NextSong","registration":1540472624796.0,"sessionId":293,"song":"Still Alive","status":200,"ts":1541533188796,"userAgent":"\"Mozilla\/5.0 (X11; Linux x86_64) AppleWebKit\/537.36 (KHTML, like Gecko) Chrome\/37.0.2062.94 Safari\/537.36\"","userId":"97"}
{"artist":"Deftones","auth":"Logged In","firstName":"Kate","gender":"F","itemInSession":24,"lastName":"Harrell","length":321.98485,"level":"paid","location":"Lansing-East Lansing, MI","method":"PUT","page":"NextSong","registration":1540472624796.0,"sessionId":293,"song":"The Chauffeur (Remastered Version)","status":200,"ts":1541533370796,"userAgent":"\"Mozilla\/5.0 (X11; Linux x86_64) AppleWebKit\/537.36 (KHTML, like Gecko) Chrome\/37.0.2062.94 Safari\/537.36\"","userId":"97"}
{"artist":"Telepopmusik","auth":"Logged In","firstName":"Kate","gender":"F","itemInSession":25,"lastName":"Harrell","length":332.95628,"level":"paid","location":"Lansing-East Lansing, MI","method":"PUT","page":"NextSong","registration":1540472624796.0,"sessionId":293,"song":"Love Can Damage Your Health","status":200,"ts":1541533691796,"userAgent":"\"Mozilla\/5.0 (X11; Linux x86_64) AppleWebKit\/537.36 (KHTML, like Gecko) Chrome\/37.0.2062.94 Safari\/537.36\"","userId":"97"}
{"artist":"Monsters Of Folk","auth":"Logged In","firstName":"Kate","gender":"F","itemInSession":26,"lastName":"Harrell","length":307.01669,"level":"paid","location":"Lansing-East Lansing, MI","method":"PUT","page":"NextSong","registration":1540472624796.0,"sessionId":293,"song":"Dear God (Sincerely M.O.F.)","status":200,"ts":1541534023796,"userAgent":"\"Mozilla\/5.0 (X11; Linux x86_64) AppleWebKit\/537.36 (KHTML, like Gecko) Chrome\/37.0.2062.94 Safari\/537.36\"","userId":"97"}
{"artist":"The All-American Rejects","auth":"Logged In","firstName":"Kate","gender":"F","itemInSession":27,"lastName":"Harrell","length":220.00281,"level":"paid","location":"Lansing-East Lansing, MI","method":"PUT","page":"NextSong","registration":1540472624796.0,"sessionId":293,"song":"Change Your Mind","status":200,"ts":1541534330796,"userAgent":"\"Mozilla\/5.0 (X11; Linux x86_64) AppleWebKit\/537.36 (KHTML, like Gecko) Chrome\/37.0.2062.94 Safari\/537.36\"","userId":"97"}
{"artist":"Masta Killa","auth":"Logged In","firstName":"Kate","gender":"F","itemInSession":28,"lastName":"Harrell","length":195.70893,"level":"paid","location":"Lansing-East Lansing, MI","method":"PUT","page":"NextSong","registration":1540472624796.0,"sessionId":293,"song":"Ringing Bells","status":200,"ts":1541534550796,"userAgent":"\"Mozilla\/5.0 (X11; Linux x86_64) AppleWebKit\/537.36 (KHTML, like Gecko) Chrome\/37.0.2062.94 Safari\/537.36\"","userId":"97"}
{"artist":"Adelitas Way","auth":"Logged In","firstName":"Kate","gender":"F","itemInSession":29,"lastName":"Harrell","length":192.26077,"level":"paid","location":"Lansing-East Lansing, MI","method":"PUT","page":"NextSong","registration":1540472624796.0,"sessionId":293,"song":"Invincible (WWE Superstars Theme Song) (Explicit)","status":200,"ts":1541534745796,"userAgent":"\"Mozilla\/5.0 (X11; Linux x86_64) AppleWebKit\/537.36 (KHTML, like Gecko) Chrome\/37.0.2062.94 Safari\/537.36\"","userId":"97"}
{"artist":"Feral Children","auth":"Logged In","firstName":"Kate","gender":"F","itemInSession":30,"lastName":"Harrell","length":194.5073,"level":"paid","location":"Lansing-East Lansing, MI","method":"PUT","page":"NextSong","registration":1540472624796.0,"sessionId":293,"song":"Saint","status":200,"ts":1541534937796,"userAgent":"\"Mozilla\/5.0 (X11; Linux x86_64) AppleWebKit\/537.36 (KHTML, like Gecko) Chrome\/37.0.2062.94 Safari\/537.36\"","userId":"97"}
{"artist":"Fusebox","auth":"Logged In","firstName":"Kate","gender":"F","itemInSession":31,"lastName":"Harrell","length":246.04689,"level":"paid","location":"Lansing-East Lansing, MI","method":"PUT","page":"NextSong","registration":1540472624796.0,"sessionId":293,"song":"My Everything (Lost In Worship Album Version)","status":200,"ts":1541535131796,"userAgent":"\"Mozilla\/5.0 (X11; Linux x86_64) AppleWebKit\/537.36 (KHTML, like Gecko) Chrome\/37.0.2062.94 Safari\/537.36\"","userId":"97"}
{"artist":"3OH!3","auth":"Logged In","firstName":"Kate","gender":"F","itemInSession":32,"lastName":"Harrell","length":205.81832,"level":"paid","location":"Lansing-East Lansing, MI","method":"PUT","page":"NextSong","registration":1540472624796.0,"sessionId":293,"song":"STILLAROUND [BIGMIX] (Bonus Version)","status":200,"ts":1541535377796,"userAgent":"\"Mozilla\/5.0 (X11; Linux x86_64) AppleWebKit\/537.36 (KHTML, like Gecko) Chrome\/37.0.2062.94 Safari\/537.36\"","userId":"97"}
{"artist":"Radiohead","auth":"Logged In","firstName":"Kate","gender":"F","itemInSession":33,"lastName":"Harrell","length":129.56689,"level":"paid","location":"Lansing-East Lansing, MI","method":"PUT","page":"NextSong","registration":1540472624796.0,"sessionId":293,"song":"Faust Arp","status":200,"ts":1541535582796,"userAgent":"\"Mozilla\/5.0 (X11; Linux x86_64) AppleWebKit\/537.36 (KHTML, like Gecko) Chrome\/37.0.2062.94 Safari\/537.36\"","userId":"97"}
{"artist":"Jaci Velasquez","auth":"Logged In","firstName":"Kate","gender":"F","itemInSession":34,"lastName":"Harrell","length":200.95955,"level":"paid","location":"Lansing-East Lansing, MI","method":"PUT","page":"NextSong","registration":1540472624796.0,"sessionId":293,"song":"Something (Album Version)","status":200,"ts":1541535711796,"userAgent":"\"Mozilla\/5.0 (X11; Linux x86_64) AppleWebKit\/537.36 (KHTML, like Gecko) Chrome\/37.0.2062.94 Safari\/537.36\"","userId":"97"}
{"artist":"Fernando Ubiergo","auth":"Logged In","firstName":"Kate","gender":"F","itemInSession":35,"lastName":"Harrell","length":173.7922,"level":"paid","location":"Lansing-East Lansing, MI","method":"PUT","page":"NextSong","registration":1540472624796.0,"sessionId":293,"song":"Yo Pienso En Ti","status":200,"ts":1541535911796,"userAgent":"\"Mozilla\/5.0 (X11; Linux x86_64) AppleWebKit\/537.36 (KHTML, like Gecko) Chrome\/37.0.2062.94 Safari\/537.36\"","userId":"97"}
{"artist":"Air Supply","auth":"Logged In","firstName":"Rylan","gender":"M","itemInSession":0,"lastName":"George","length":361.24689,"level":"free","location":"Birmingham-Hoover, AL","method":"PUT","page":"NextSong","registration":1541020249796.0,"sessionId":315,"song":"It's Never Too Late (Album Version)","status":200,"ts":1541535943796,"userAgent":"\"Mozilla\/5.0 (Macintosh; Intel Mac OS X 10_9_4) AppleWebKit\/537.77.4 (KHTML, like Gecko) Version\/7.0.5 Safari\/537.77.4\"","userId":"16"}
{"artist":"Death Cab for Cutie","auth":"Logged In","firstName":"Kate","gender":"F","itemInSession":36,"lastName":"Harrell","length":229.66812,"level":"paid","location":"Lansing-East Lansing, MI","method":"PUT","page":"NextSong","registration":1540472624796.0,"sessionId":293,"song":"Cath... (Album Version)","status":200,"ts":1541536084796,"userAgent":"\"Mozilla\/5.0 (X11; Linux x86_64) AppleWebKit\/537.36 (KHTML, like Gecko) Chrome\/37.0.2062.94 Safari\/537.36\"","userId":"97"}
{"artist":"Eminem \/ Nate Dogg","auth":"Logged In","firstName":"Rylan","gender":"M","itemInSession":1,"lastName":"George","length":297.9522,"level":"free","location":"Birmingham-Hoover, AL","method":"PUT","page":"NextSong","registration":1541020249796.0,"sessionId":315,"song":"'Till I Collapse","status":200,"ts":1541536304796,"userAgent":"\"Mozilla\/5.0 (Macintosh; Intel Mac OS X 10_9_4) AppleWebKit\/537.77.4 (KHTML, like Gecko) Version\/7.0.5 Safari\/537.77.4\"","userId":"16"}
{"artist":"Philippe Rochard","auth":"Logged In","firstName":"Kate","gender":"F","itemInSession":37,"lastName":"Harrell","length":360.51546,"level":"paid","location":"Lansing-East Lansing, MI","method":"PUT","page":"NextSong","registration":1540472624796.0,"sessionId":293,"song":"Crumpshit","status":200,"ts":1541536313796,"userAgent":"\"Mozilla\/5.0 (X11; Linux x86_64) AppleWebKit\/537.36 (KHTML, like Gecko) Chrome\/37.0.2062.94 Safari\/537.36\"","userId":"97"}
{"artist":"Weezer","auth":"Logged In","firstName":"Kate","gender":"F","itemInSession":38,"lastName":"Harrell","length":199.94077,"level":"paid","location":"Lansing-East Lansing, MI","method":"PUT","page":"NextSong","registration":1540472624796.0,"sessionId":293,"song":"Island In The Sun","status":200,"ts":1541536673796,"userAgent":"\"Mozilla\/5.0 (X11; Linux x86_64) AppleWebKit\/537.36 (KHTML, like Gecko) Chrome\/37.0.2062.94 Safari\/537.36\"","userId":"97"}
{"artist":"Nando Reis","auth":"Logged In","firstName":"Kate","gender":"F","itemInSession":39,"lastName":"Harrell","length":254.6673,"level":"paid","location":"Lansing-East Lansing, MI","method":"PUT","page":"NextSong","registration":1540472624796.0,"sessionId":293,"song":"A Letra \"A","status":200,"ts":1541536872796,"userAgent":"\"Mozilla\/5.0 (X11; Linux x86_64) AppleWebKit\/537.36 (KHTML, like Gecko) Chrome\/37.0.2062.94 Safari\/537.36\"","userId":"97"}
{"artist":"Aborted","auth":"Logged In","firstName":"Kate","gender":"F","itemInSession":40,"lastName":"Harrell","length":267.78077,"level":"paid","location":"Lansing-East Lansing, MI","method":"PUT","page":"NextSong","registration":1540472624796.0,"sessionId":293,"song":"Skullfuck Crescendo","status":200,"ts":1541537126796,"userAgent":"\"Mozilla\/5.0 (X11; Linux x86_64) AppleWebKit\/537.36 (KHTML, like Gecko) Chrome\/37.0.2062.94 Safari\/537.36\"","userId":"97"}
{"artist":"Walter Beasley","auth":"Logged In","firstName":"Kate","gender":"F","itemInSession":41,"lastName":"Harrell","length":287.08526,"level":"paid","location":"Lansing-East Lansing, MI","method":"PUT","page":"NextSong","registration":1540472624796.0,"sessionId":293,"song":"Killing Me Softly","status":200,"ts":1541537393796,"userAgent":"\"Mozilla\/5.0 (X11; Linux x86_64) AppleWebKit\/537.36 (KHTML, like Gecko) Chrome\/37.0.2062.94 Safari\/537.36\"","userId":"97"}
{"artist":"Enigma","auth":"Logged In","firstName":"Kate","gender":"F","itemInSession":42,"lastName":"Harrell","length":262.71302,"level":"paid","location":"Lansing-East Lansing, MI","method":"PUT","page":"NextSong","registration":1540472624796.0,"sessionId":293,"song":"Knocking On Forbidden Doors","status":200,"ts":1541537680796,"userAgent":"\"Mozilla\/5.0 (X11; Linux x86_64) AppleWebKit\/537.36 (KHTML, like Gecko) Chrome\/37.0.2062.94 Safari\/537.36\"","userId":"97"}
{"artist":"Neil Diamond","auth":"Logged In","firstName":"Kate","gender":"F","itemInSession":43,"lastName":"Harrell","length":194.40281,"level":"paid","location":"Lansing-East Lansing, MI","method":"PUT","page":"NextSong","registration":1540472624796.0,"sessionId":293,"song":"Song Sung Blue","status":200,"ts":1541537942796,"userAgent":"\"Mozilla\/5.0 (X11; Linux x86_64) AppleWebKit\/537.36 (KHTML, like Gecko) Chrome\/37.0.2062.94 Safari\/537.36\"","userId":"97"}
{"artist":"Deftones","auth":"Logged In","firstName":"Kate","gender":"F","itemInSession":44,"lastName":"Harrell","length":307.3824,"level":"paid","location":"Lansing-East Lansing, MI","method":"PUT","page":"NextSong","registration":1540472624796.0,"sessionId":293,"song":"If Only Tonight We Could Sleep (Remastered Version)","status":200,"ts":1541538136796,"userAgent":"\"Mozilla\/5.0 (X11; Linux x86_64) AppleWebKit\/537.36 (KHTML, like Gecko) Chrome\/37.0.2062.94 Safari\/537.36\"","userId":"97"}
{"artist":"Gorillaz","auth":"Logged In","firstName":"Kate","gender":"F","itemInSession":45,"lastName":"Harrell","length":284.94322,"level":"paid","location":"Lansing-East Lansing, MI","method":"PUT","page":"NextSong","registration":1540472624796.0,"sessionId":293,"song":"Double Bass","status":200,"ts":1541538443796,"userAgent":"\"Mozilla\/5.0 (X11; Linux x86_64) AppleWebKit\/537.36 (KHTML, like Gecko) Chrome\/37.0.2062.94 Safari\/537.36\"","userId":"97"}
{"artist":"Will Young","auth":"Logged In","firstName":"Kate","gender":"F","itemInSession":46,"lastName":"Harrell","length":213.55057,"level":"paid","location":"Lansing-East Lansing, MI","method":"PUT","page":"NextSong","registration":1540472624796.0,"sessionId":293,"song":"Leave Right Now","status":200,"ts":1541538727796,"userAgent":"\"Mozilla\/5.0 (X11; Linux x86_64) AppleWebKit\/537.36 (KHTML, like Gecko) Chrome\/37.0.2062.94 Safari\/537.36\"","userId":"97"}
{"artist":"Guns N' Roses","auth":"Logged In","firstName":"Kate","gender":"F","itemInSession":47,"lastName":"Harrell","length":591.96036,"level":"paid","location":"Lansing-East Lansing, MI","method":"PUT","page":"NextSong","registration":1540472624796.0,"sessionId":293,"song":"Estranged","status":200,"ts":1541538940796,"userAgent":"\"Mozilla\/5.0 (X11; Linux x86_64) AppleWebKit\/537.36 (KHTML, like Gecko) Chrome\/37.0.2062.94 Safari\/537.36\"","userId":"97"}
{"artist":"Harmonia","auth":"Logged In","firstName":"Kate","gender":"F","itemInSession":48,"lastName":"Harrell","length":655.77751,"level":"paid","location":"Lansing-East Lansing, MI","method":"PUT","page":"NextSong","registration":1540472624796.0,"sessionId":293,"song":"Sehr kosmisch","status":200,"ts":1541539531796,"userAgent":"\"Mozilla\/5.0 (X11; Linux x86_64) AppleWebKit\/537.36 (KHTML, like Gecko) Chrome\/37.0.2062.94 Safari\/537.36\"","userId":"97"}
{"artist":"Alanis Morissette","auth":"Logged In","firstName":"Kate","gender":"F","itemInSession":49,"lastName":"Harrell","length":236.45995,"level":"paid","location":"Lansing-East Lansing, MI","method":"PUT","page":"NextSong","registration":1540472624796.0,"sessionId":293,"song":"Ironic (Acoustic Album Version)","status":200,"ts":1541540186796,"userAgent":"\"Mozilla\/5.0 (X11; Linux x86_64) AppleWebKit\/537.36 (KHTML, like Gecko) Chrome\/37.0.2062.94 Safari\/537.36\"","userId":"97"}
{"artist":"Mich\u00c3\u0083\u00c2\u00a8le Arnaud","auth":"Logged In","firstName":"Kate","gender":"F","itemInSession":50,"lastName":"Harrell","length":105.50812,"level":"paid","location":"Lansing-East Lansing, MI","method":"PUT","page":"NextSong","registration":1540472624796.0,"sessionId":293,"song":"Chanson Sur Une Seule Note Samba De Uma Nota So","status":200,"ts":1541540422796,"userAgent":"\"Mozilla\/5.0 (X11; Linux x86_64) AppleWebKit\/537.36 (KHTML, like Gecko) Chrome\/37.0.2062.94 Safari\/537.36\"","userId":"97"}
{"artist":"Nicola Marchioro","auth":"Logged In","firstName":"Kate","gender":"F","itemInSession":51,"lastName":"Harrell","length":201.1424,"level":"paid","location":"Lansing-East Lansing, MI","method":"PUT","page":"NextSong","registration":1540472624796.0,"sessionId":293,"song":"Lumidee","status":200,"ts":1541540527796,"userAgent":"\"Mozilla\/5.0 (X11; Linux x86_64) AppleWebKit\/537.36 (KHTML, like Gecko) Chrome\/37.0.2062.94 Safari\/537.36\"","userId":"97"}
{"artist":null,"auth":"Logged In","firstName":"Kate","gender":"F","itemInSession":52,"lastName":"Harrell","length":null,"level":"paid","location":"Lansing-East Lansing, MI","method":"GET","page":"Help","registration":1540472624796.0,"sessionId":293,"song":null,"status":200,"ts":1541540546796,"userAgent":"\"Mozilla\/5.0 (X11; Linux x86_64) AppleWebKit\/537.36 (KHTML, like Gecko) Chrome\/37.0.2062.94 Safari\/537.36\"","userId":"97"}
{"artist":"Pantera","auth":"Logged In","firstName":"Kate","gender":"F","itemInSession":53,"lastName":"Harrell","length":346.51383,"level":"paid","location":"Lansing-East Lansing, MI","method":"PUT","page":"NextSong","registration":1540472624796.0,"sessionId":293,"song":"Cemetary Gates (LP Version)","status":200,"ts":1541540728796,"userAgent":"\"Mozilla\/5.0 (X11; Linux x86_64) AppleWebKit\/537.36 (KHTML, like Gecko) Chrome\/37.0.2062.94 Safari\/537.36\"","userId":"97"}
{"artist":"Godsmack","auth":"Logged In","firstName":"Kate","gender":"F","itemInSession":54,"lastName":"Harrell","length":235.93751,"level":"paid","location":"Lansing-East Lansing, MI","method":"PUT","page":"NextSong","registration":1540472624796.0,"sessionId":293,"song":"Speak","status":200,"ts":1541541074796,"userAgent":"\"Mozilla\/5.0 (X11; Linux x86_64) AppleWebKit\/537.36 (KHTML, like Gecko) Chrome\/37.0.2062.94 Safari\/537.36\"","userId":"97"}
{"artist":"Gorillaz","auth":"Logged In","firstName":"Kate","gender":"F","itemInSession":55,"lastName":"Harrell","length":357.61587,"level":"paid","location":"Lansing-East Lansing, MI","method":"PUT","page":"NextSong","registration":1540472624796.0,"sessionId":293,"song":"Clint Eastwood (Explicit)","status":200,"ts":1541541309796,"userAgent":"\"Mozilla\/5.0 (X11; Linux x86_64) AppleWebKit\/537.36 (KHTML, like Gecko) Chrome\/37.0.2062.94 Safari\/537.36\"","userId":"97"}
{"artist":null,"auth":"Logged In","firstName":"Ryann","gender":"F","itemInSession":0,"lastName":"Smith","length":null,"level":"free","location":"Palestine, TX","method":"GET","page":"Home","registration":1540685147796.0,"sessionId":91,"song":null,"status":200,"ts":1541541378796,"userAgent":"Mozilla\/5.0 (Macintosh; Intel Mac OS X 10.9; rv:31.0) Gecko\/20100101 Firefox\/31.0","userId":"92"}
{"artist":"Ray Barretto","auth":"Logged In","firstName":"Ryann","gender":"F","itemInSession":1,"lastName":"Smith","length":251.79383,"level":"free","location":"Palestine, TX","method":"PUT","page":"NextSong","registration":1540685147796.0,"sessionId":91,"song":"Indestructible","status":200,"ts":1541541378796,"userAgent":"Mozilla\/5.0 (Macintosh; Intel Mac OS X 10.9; rv:31.0) Gecko\/20100101 Firefox\/31.0","userId":"92"}
{"artist":"Usher featuring will.i.am","auth":"Logged In","firstName":"Ryann","gender":"F","itemInSession":2,"lastName":"Smith","length":395.72853,"level":"free","location":"Palestine, TX","method":"PUT","page":"NextSong","registration":1540685147796.0,"sessionId":91,"song":"OMG","status":200,"ts":1541541629796,"userAgent":"Mozilla\/5.0 (Macintosh; Intel Mac OS X 10.9; rv:31.0) Gecko\/20100101 Firefox\/31.0","userId":"92"}
{"artist":"Mates of State","auth":"Logged In","firstName":"Kate","gender":"F","itemInSession":56,"lastName":"Harrell","length":227.36934,"level":"paid","location":"Lansing-East Lansing, MI","method":"PUT","page":"NextSong","registration":1540472624796.0,"sessionId":293,"song":"Parachutes (Funeral Song) (LP Version)","status":200,"ts":1541541666796,"userAgent":"\"Mozilla\/5.0 (X11; Linux x86_64) AppleWebKit\/537.36 (KHTML, like Gecko) Chrome\/37.0.2062.94 Safari\/537.36\"","userId":"97"}
{"artist":"Angelo D'Onorio","auth":"Logged In","firstName":"Kate","gender":"F","itemInSession":57,"lastName":"Harrell","length":399.98649,"level":"paid","location":"Lansing-East Lansing, MI","method":"PUT","page":"NextSong","registration":1540472624796.0,"sessionId":293,"song":"Ain't No One Like You","status":200,"ts":1541541893796,"userAgent":"\"Mozilla\/5.0 (X11; Linux x86_64) AppleWebKit\/537.36 (KHTML, like Gecko) Chrome\/37.0.2062.94 Safari\/537.36\"","userId":"97"}
{"artist":"Silversun Pickups","auth":"Logged In","firstName":"Kate","gender":"F","itemInSession":58,"lastName":"Harrell","length":253.75302,"level":"paid","location":"Lansing-East Lansing, MI","method":"PUT","page":"NextSong","registration":1540472624796.0,"sessionId":293,"song":"Panic Switch (UK edit)","status":200,"ts":1541542292796,"userAgent":"\"Mozilla\/5.0 (X11; Linux x86_64) AppleWebKit\/537.36 (KHTML, like Gecko) Chrome\/37.0.2062.94 Safari\/537.36\"","userId":"97"}
{"artist":"Blink-182","auth":"Logged In","firstName":"Kate","gender":"F","itemInSession":59,"lastName":"Harrell","length":251.81995,"level":"paid","location":"Lansing-East Lansing, MI","method":"PUT","page":"NextSong","registration":1540472624796.0,"sessionId":293,"song":"Always","status":200,"ts":1541542545796,"userAgent":"\"Mozilla\/5.0 (X11; Linux x86_64) AppleWebKit\/537.36 (KHTML, like Gecko) Chrome\/37.0.2062.94 Safari\/537.36\"","userId":"97"}
{"artist":"Hank Penny","auth":"Logged In","firstName":"Kate","gender":"F","itemInSession":60,"lastName":"Harrell","length":145.34485,"level":"paid","location":"Lansing-East Lansing, MI","method":"PUT","page":"NextSong","registration":1540472624796.0,"sessionId":293,"song":"No Muss No Fuss No Bother","status":200,"ts":1541542796796,"userAgent":"\"Mozilla\/5.0 (X11; Linux x86_64) AppleWebKit\/537.36 (KHTML, like Gecko) Chrome\/37.0.2062.94 Safari\/537.36\"","userId":"97"}
{"artist":"Carrie Underwood","auth":"Logged In","firstName":"Kate","gender":"F","itemInSession":61,"lastName":"Harrell","length":225.20118,"level":"paid","location":"Lansing-East Lansing, MI","method":"PUT","page":"NextSong","registration":1540472624796.0,"sessionId":293,"song":"So Small","status":200,"ts":1541542941796,"userAgent":"\"Mozilla\/5.0 (X11; Linux x86_64) AppleWebKit\/537.36 (KHTML, like Gecko) Chrome\/37.0.2062.94 Safari\/537.36\"","userId":"97"}
{"artist":"Black Box","auth":"Logged In","firstName":"Kate","gender":"F","itemInSession":62,"lastName":"Harrell","length":312.99873,"level":"paid","location":"Lansing-East Lansing, MI","method":"PUT","page":"NextSong","registration":1540472624796.0,"sessionId":293,"song":"Fantasy","status":200,"ts":1541543166796,"userAgent":"\"Mozilla\/5.0 (X11; Linux x86_64) AppleWebKit\/537.36 (KHTML, like Gecko) Chrome\/37.0.2062.94 Safari\/537.36\"","userId":"97"}
{"artist":"Cloud Cult","auth":"Logged In","firstName":"Kate","gender":"F","itemInSession":63,"lastName":"Harrell","length":213.31546,"level":"paid","location":"Lansing-East Lansing, MI","method":"PUT","page":"NextSong","registration":1540472624796.0,"sessionId":293,"song":"Running With the Wolves","status":200,"ts":1541543478796,"userAgent":"\"Mozilla\/5.0 (X11; Linux x86_64) AppleWebKit\/537.36 (KHTML, like Gecko) Chrome\/37.0.2062.94 Safari\/537.36\"","userId":"97"}
{"artist":"Cartola","auth":"Logged In","firstName":"Kate","gender":"F","itemInSession":64,"lastName":"Harrell","length":188.65587,"level":"paid","location":"Lansing-East Lansing, MI","method":"PUT","page":"NextSong","registration":1540472624796.0,"sessionId":293,"song":"Verde Que Te Quero Rosa","status":200,"ts":1541543691796,"userAgent":"\"Mozilla\/5.0 (X11; Linux x86_64) AppleWebKit\/537.36 (KHTML, like Gecko) Chrome\/37.0.2062.94 Safari\/537.36\"","userId":"97"}
{"artist":null,"auth":"Logged In","firstName":"Kate","gender":"F","itemInSession":65,"lastName":"Harrell","length":null,"level":"paid","location":"Lansing-East Lansing, MI","method":"GET","page":"Home","registration":1540472624796.0,"sessionId":293,"song":null,"status":200,"ts":1541543762796,"userAgent":"\"Mozilla\/5.0 (X11; Linux x86_64) AppleWebKit\/537.36 (KHTML, like Gecko) Chrome\/37.0.2062.94 Safari\/537.36\"","userId":"97"}
{"artist":"Octopus Project","auth":"Logged In","firstName":"Kate","gender":"F","itemInSession":66,"lastName":"Harrell","length":422.16444,"level":"paid","location":"Lansing-East Lansing, MI","method":"PUT","page":"NextSong","registration":1540472624796.0,"sessionId":293,"song":"The Way Things Go","status":200,"ts":1541543879796,"userAgent":"\"Mozilla\/5.0 (X11; Linux x86_64) AppleWebKit\/537.36 (KHTML, like Gecko) Chrome\/37.0.2062.94 Safari\/537.36\"","userId":"97"}
{"artist":"Peter Tosh","auth":"Logged In","firstName":"Kate","gender":"F","itemInSession":67,"lastName":"Harrell","length":267.49342,"level":"paid","location":"Lansing-East Lansing, MI","method":"PUT","page":"NextSong","registration":1540472624796.0,"sessionId":293,"song":"Recruiting Soldiers (2002 Digital Remaster)","status":200,"ts":1541544301796,"userAgent":"\"Mozilla\/5.0 (X11; Linux x86_64) AppleWebKit\/537.36 (KHTML, like Gecko) Chrome\/37.0.2062.94 Safari\/537.36\"","userId":"97"}
{"artist":"Alter Bridge","auth":"Logged In","firstName":"Kate","gender":"F","itemInSession":68,"lastName":"Harrell","length":286.35383,"level":"paid","location":"Lansing-East Lansing, MI","method":"PUT","page":"NextSong","registration":1540472624796.0,"sessionId":293,"song":"Down To My Last","status":200,"ts":1541544568796,"userAgent":"\"Mozilla\/5.0 (X11; Linux x86_64) AppleWebKit\/537.36 (KHTML, like Gecko) Chrome\/37.0.2062.94 Safari\/537.36\"","userId":"97"}
{"artist":"Two Door Cinema Club","auth":"Logged In","firstName":"Kate","gender":"F","itemInSession":69,"lastName":"Harrell","length":207.43791,"level":"paid","location":"Lansing-East Lansing, MI","method":"PUT","page":"NextSong","registration":1540472624796.0,"sessionId":293,"song":"Costume Party","status":200,"ts":1541544854796,"userAgent":"\"Mozilla\/5.0 (X11; Linux x86_64) AppleWebKit\/537.36 (KHTML, like Gecko) Chrome\/37.0.2062.94 Safari\/537.36\"","userId":"97"}
{"artist":"Ray LaMontagne","auth":"Logged In","firstName":"Kate","gender":"F","itemInSession":70,"lastName":"Harrell","length":236.59057,"level":"paid","location":"Lansing-East Lansing, MI","method":"PUT","page":"NextSong","registration":1540472624796.0,"sessionId":293,"song":"Trouble (Album Version)","status":200,"ts":1541545061796,"userAgent":"\"Mozilla\/5.0 (X11; Linux x86_64) AppleWebKit\/537.36 (KHTML, like Gecko) Chrome\/37.0.2062.94 Safari\/537.36\"","userId":"97"}
{"artist":"Lady GaGa","auth":"Logged In","firstName":"Kate","gender":"F","itemInSession":71,"lastName":"Harrell","length":169.87383,"level":"paid","location":"Lansing-East Lansing, MI","method":"PUT","page":"NextSong","registration":1540472624796.0,"sessionId":293,"song":"Fashion","status":200,"ts":1541545297796,"userAgent":"\"Mozilla\/5.0 (X11; Linux x86_64) AppleWebKit\/537.36 (KHTML, like Gecko) Chrome\/37.0.2062.94 Safari\/537.36\"","userId":"97"}
{"artist":"Colt Ford","auth":"Logged In","firstName":"Kate","gender":"F","itemInSession":72,"lastName":"Harrell","length":170.84036,"level":"paid","location":"Lansing-East Lansing, MI","method":"PUT","page":"NextSong","registration":1540472624796.0,"sessionId":293,"song":"Huntin' The World","status":200,"ts":1541545466796,"userAgent":"\"Mozilla\/5.0 (X11; Linux x86_64) AppleWebKit\/537.36 (KHTML, like Gecko) Chrome\/37.0.2062.94 Safari\/537.36\"","userId":"97"}
{"artist":"Tracy Byrd","auth":"Logged In","firstName":"Kate","gender":"F","itemInSession":73,"lastName":"Harrell","length":182.02077,"level":"paid","location":"Lansing-East Lansing, MI","method":"PUT","page":"NextSong","registration":1540472624796.0,"sessionId":293,"song":"Watermelon Crawl","status":200,"ts":1541545636796,"userAgent":"\"Mozilla\/5.0 (X11; Linux x86_64) AppleWebKit\/537.36 (KHTML, like Gecko) Chrome\/37.0.2062.94 Safari\/537.36\"","userId":"97"}
{"artist":"Brand New","auth":"Logged In","firstName":"Kate","gender":"F","itemInSession":74,"lastName":"Harrell","length":386.7424,"level":"paid","location":"Lansing-East Lansing, MI","method":"PUT","page":"NextSong","registration":1540472624796.0,"sessionId":293,"song":"Noro","status":200,"ts":1541545818796,"userAgent":"\"Mozilla\/5.0 (X11; Linux x86_64) AppleWebKit\/537.36 (KHTML, like Gecko) Chrome\/37.0.2062.94 Safari\/537.36\"","userId":"97"}
{"artist":"Creedence Clearwater Revival","auth":"Logged In","firstName":"Kate","gender":"F","itemInSession":75,"lastName":"Harrell","length":160.02567,"level":"paid","location":"Lansing-East Lansing, MI","method":"PUT","page":"NextSong","registration":1540472624796.0,"sessionId":293,"song":"Have You Ever Seen The Rain","status":200,"ts":1541546204796,"userAgent":"\"Mozilla\/5.0 (X11; Linux x86_64) AppleWebKit\/537.36 (KHTML, like Gecko) Chrome\/37.0.2062.94 Safari\/537.36\"","userId":"97"}
{"artist":"Earth_ Wind & Fire","auth":"Logged In","firstName":"Kate","gender":"F","itemInSession":76,"lastName":"Harrell","length":280.47628,"level":"paid","location":"Lansing-East Lansing, MI","method":"PUT","page":"NextSong","registration":1540472624796.0,"sessionId":293,"song":"Pure Gold","status":200,"ts":1541546364796,"userAgent":"\"Mozilla\/5.0 (X11; Linux x86_64) AppleWebKit\/537.36 (KHTML, like Gecko) Chrome\/37.0.2062.94 Safari\/537.36\"","userId":"97"}
{"artist":"Fleet Foxes","auth":"Logged In","firstName":"Tegan","gender":"F","itemInSession":0,"lastName":"Levine","length":208.03873,"level":"free","location":"Portland-South Portland, ME","method":"PUT","page":"NextSong","registration":1540794356796.0,"sessionId":307,"song":"Tiger Mountain Peasant Song","status":200,"ts":1541546584796,"userAgent":"\"Mozilla\/5.0 (Macintosh; Intel Mac OS X 10_9_4) AppleWebKit\/537.36 (KHTML, like Gecko) Chrome\/36.0.1985.143 Safari\/537.36\"","userId":"80"}
{"artist":"be your own PET","auth":"Logged In","firstName":"Kate","gender":"F","itemInSession":77,"lastName":"Harrell","length":66.87302,"level":"paid","location":"Lansing-East Lansing, MI","method":"PUT","page":"NextSong","registration":1540472624796.0,"sessionId":293,"song":"Food Fight!","status":200,"ts":1541546644796,"userAgent":"\"Mozilla\/5.0 (X11; Linux x86_64) AppleWebKit\/537.36 (KHTML, like Gecko) Chrome\/37.0.2062.94 Safari\/537.36\"","userId":"97"}
{"artist":"The Killers","auth":"Logged In","firstName":"Kate","gender":"F","itemInSession":78,"lastName":"Harrell","length":220.89098,"level":"paid","location":"Lansing-East Lansing, MI","method":"PUT","page":"NextSong","registration":1540472624796.0,"sessionId":293,"song":"When You Were Young","status":200,"ts":1541546710796,"userAgent":"\"Mozilla\/5.0 (X11; Linux x86_64) AppleWebKit\/537.36 (KHTML, like Gecko) Chrome\/37.0.2062.94 Safari\/537.36\"","userId":"97"}
{"artist":"Roy Ayers","auth":"Logged In","firstName":"Tegan","gender":"F","itemInSession":1,"lastName":"Levine","length":240.90077,"level":"free","location":"Portland-South Portland, ME","method":"PUT","page":"NextSong","registration":1540794356796.0,"sessionId":307,"song":"Searching","status":200,"ts":1541546792796,"userAgent":"\"Mozilla\/5.0 (Macintosh; Intel Mac OS X 10_9_4) AppleWebKit\/537.36 (KHTML, like Gecko) Chrome\/36.0.1985.143 Safari\/537.36\"","userId":"80"}
{"artist":"Rihanna","auth":"Logged In","firstName":"Kate","gender":"F","itemInSession":79,"lastName":"Harrell","length":229.04118,"level":"paid","location":"Lansing-East Lansing, MI","method":"PUT","page":"NextSong","registration":1540472624796.0,"sessionId":293,"song":"Take A Bow","status":200,"ts":1541546930796,"userAgent":"\"Mozilla\/5.0 (X11; Linux x86_64) AppleWebKit\/537.36 (KHTML, like Gecko) Chrome\/37.0.2062.94 Safari\/537.36\"","userId":"97"}
{"artist":"Andres Calamaro","auth":"Logged In","firstName":"Kate","gender":"F","itemInSession":80,"lastName":"Harrell","length":144.5873,"level":"paid","location":"Lansing-East Lansing, MI","method":"PUT","page":"NextSong","registration":1540472624796.0,"sessionId":293,"song":"El Novio Del Olvido","status":200,"ts":1541547159796,"userAgent":"\"Mozilla\/5.0 (X11; Linux x86_64) AppleWebKit\/537.36 (KHTML, like Gecko) Chrome\/37.0.2062.94 Safari\/537.36\"","userId":"97"}
{"artist":"Blue States","auth":"Logged In","firstName":"Kate","gender":"F","itemInSession":81,"lastName":"Harrell","length":299.2322,"level":"paid","location":"Lansing-East Lansing, MI","method":"PUT","page":"NextSong","registration":1540472624796.0,"sessionId":293,"song":"Walkabout","status":200,"ts":1541547303796,"userAgent":"\"Mozilla\/5.0 (X11; Linux x86_64) AppleWebKit\/537.36 (KHTML, like Gecko) Chrome\/37.0.2062.94 Safari\/537.36\"","userId":"97"}
{"artist":"The Black Keys","auth":"Logged In","firstName":"Kate","gender":"F","itemInSession":82,"lastName":"Harrell","length":161.85424,"level":"paid","location":"Lansing-East Lansing, MI","method":"PUT","page":"NextSong","registration":1540472624796.0,"sessionId":293,"song":"Act Nice and Gentle","status":200,"ts":1541547602796,"userAgent":"\"Mozilla\/5.0 (X11; Linux x86_64) AppleWebKit\/537.36 (KHTML, like Gecko) Chrome\/37.0.2062.94 Safari\/537.36\"","userId":"97"}
{"artist":"Staind","auth":"Logged In","firstName":"Kate","gender":"F","itemInSession":83,"lastName":"Harrell","length":291.65669,"level":"paid","location":"Lansing-East Lansing, MI","method":"PUT","page":"NextSong","registration":1540472624796.0,"sessionId":293,"song":"Outside (Original LP Version)","status":200,"ts":1541547763796,"userAgent":"\"Mozilla\/5.0 (X11; Linux x86_64) AppleWebKit\/537.36 (KHTML, like Gecko) Chrome\/37.0.2062.94 Safari\/537.36\"","userId":"97"}
{"artist":"James Taylor","auth":"Logged In","firstName":"Kate","gender":"F","itemInSession":84,"lastName":"Harrell","length":253.12608,"level":"paid","location":"Lansing-East Lansing, MI","method":"PUT","page":"NextSong","registration":1540472624796.0,"sessionId":293,"song":"Sweet Baby James","status":200,"ts":1541548054796,"userAgent":"\"Mozilla\/5.0 (X11; Linux x86_64) AppleWebKit\/537.36 (KHTML, like Gecko) Chrome\/37.0.2062.94 Safari\/537.36\"","userId":"97"}
{"artist":"Moby","auth":"Logged In","firstName":"Kate","gender":"F","itemInSession":85,"lastName":"Harrell","length":198.60853,"level":"paid","location":"Lansing-East Lansing, MI","method":"PUT","page":"NextSong","registration":1540472624796.0,"sessionId":293,"song":"Time's Up (Dust Mix)","status":200,"ts":1541548307796,"userAgent":"\"Mozilla\/5.0 (X11; Linux x86_64) AppleWebKit\/537.36 (KHTML, like Gecko) Chrome\/37.0.2062.94 Safari\/537.36\"","userId":"97"}
{"artist":"Girl Talk","auth":"Logged In","firstName":"Kate","gender":"F","itemInSession":86,"lastName":"Harrell","length":170.73587,"level":"paid","location":"Lansing-East Lansing, MI","method":"PUT","page":"NextSong","registration":1540472624796.0,"sessionId":293,"song":"Hold up","status":200,"ts":1541548505796,"userAgent":"\"Mozilla\/5.0 (X11; Linux x86_64) AppleWebKit\/537.36 (KHTML, like Gecko) Chrome\/37.0.2062.94 Safari\/537.36\"","userId":"97"}
{"artist":"Sean Kingston and Justin Bieber","auth":"Logged In","firstName":"Kate","gender":"F","itemInSession":87,"lastName":"Harrell","length":201.9522,"level":"paid","location":"Lansing-East Lansing, MI","method":"PUT","page":"NextSong","registration":1540472624796.0,"sessionId":293,"song":"Eenie Meenie","status":200,"ts":1541548675796,"userAgent":"\"Mozilla\/5.0 (X11; Linux x86_64) AppleWebKit\/537.36 (KHTML, like Gecko) Chrome\/37.0.2062.94 Safari\/537.36\"","userId":"97"}