{"artist":"matchbox twenty","auth":"Logged In","firstName":"Jayden","gender":"F","itemInSession":0,"lastName":"Duffy","length":177.65832,"level":"free","location":"Seattle-Tacoma-Bellevue, WA","method":"PUT","page":"NextSong","registration":1540146037796.0,"sessionId":846,"song":"Argue (LP Version)","status":200,"ts":1543109954796,"userAgent":"\"Mozilla\/5.0 (iPhone; CPU iPhone OS 7_1_2 like Mac OS X) AppleWebKit\/537.51.2 (KHTML, like Gecko) Version\/7.0 Mobile\/11D257 Safari\/9537.53\"","userId":"76"}
{"artist":"The Lonely Island \/ T-Pain","auth":"Logged In","firstName":"Jayden","gender":"F","itemInSession":1,"lastName":"Duffy","length":156.23791,"level":"free","location":"Seattle-Tacoma-Bellevue, WA","method":"PUT","page":"NextSong","registration":1540146037796.0,"sessionId":846,"song":"I'm On A Boat","status":200,"ts":1543110131796,"userAgent":"\"Mozilla\/5.0 (iPhone; CPU iPhone OS 7_1_2 like Mac OS X) AppleWebKit\/537.51.2 (KHTML, like Gecko) Version\/7.0 Mobile\/11D257 Safari\/9537.53\"","userId":"76"}
{"artist":null,"auth":"Logged In","firstName":"Jayden","gender":"F","itemInSession":2,"lastName":"Duffy","length":null,"level":"free","location":"Seattle-Tacoma-Bellevue, WA","method":"GET","page":"Home","registration":1540146037796.0,"sessionId":846,"song":null,"status":200,"ts":1543110132796,"userAgent":"\"Mozilla\/5.0 (iPhone; CPU iPhone OS 7_1_2 like Mac OS X) AppleWebKit\/537.51.2 (KHTML, like Gecko) Version\/7.0 Mobile\/11D257 Safari\/9537.53\"","userId":"76"}
{"artist":null,"auth":"Logged In","firstName":"Jayden","gender":"F","itemInSession":3,"lastName":"Duffy","length":null,"level":"free","location":"Seattle-Tacoma-Bellevue, WA","method":"GET","page":"Settings","registration":1540146037796.0,"sessionId":846,"song":null,"status":200,"ts":1543110168796,"userAgent":"\"Mozilla\/5.0 (iPhone; CPU iPhone OS 7_1_2 like Mac OS X) AppleWebKit\/537.51.2 (KHTML, like Gecko) Version\/7.0 Mobile\/11D257 Safari\/9537.53\"","userId":"76"}
{"artist":null,"auth":"Logged In","firstName":"Jayden","gender":"F","itemInSession":4,"lastName":"Duffy","length":null,"level":"free","location":"Seattle-Tacoma-Bellevue, WA","method":"PUT","page":"Save Settings","registration":1540146037796.0,"sessionId":846,"song":null,"status":307,"ts":1543110169796,"userAgent":"\"Mozilla\/5.0 (iPhone; CPU iPhone OS 7_1_2 like Mac OS X) AppleWebKit\/537.51.2 (KHTML, like Gecko) Version\/7.0 Mobile\/11D257 Safari\/9537.53\"","userId":"76"}
{"artist":"John Mayer","auth":"Logged In","firstName":"Wyatt","gender":"M","itemInSession":0,"lastName":"Scott","length":275.27791,"level":"free","location":"Eureka-Arcata-Fortuna, CA","method":"PUT","page":"NextSong","registration":1540872073796.0,"sessionId":856,"song":"All We Ever Do Is Say Goodbye","status":200,"ts":1543113347796,"userAgent":"Mozilla\/5.0 (Windows NT 6.1; WOW64; Trident\/7.0; rv:11.0) like Gecko","userId":"9"}
{"artist":null,"auth":"Logged In","firstName":"Wyatt","gender":"M","itemInSession":1,"lastName":"Scott","length":null,"level":"free","location":"Eureka-Arcata-Fortuna, CA","method":"GET","page":"Home","registration":1540872073796.0,"sessionId":856,"song":null,"status":200,"ts":1543113365796,"userAgent":"Mozilla\/5.0 (Windows NT 6.1; WOW64; Trident\/7.0; rv:11.0) like Gecko","userId":"9"}
{"artist":"10_000 Maniacs","auth":"Logged In","firstName":"Wyatt","gender":"M","itemInSession":2,"lastName":"Scott","length":251.8722,"level":"free","location":"Eureka-Arcata-Fortuna, CA","method":"PUT","page":"NextSong","registration":1540872073796.0,"sessionId":856,"song":"Gun Shy (LP Version)","status":200,"ts":1543113622796,"userAgent":"Mozilla\/5.0 (Windows NT 6.1; WOW64; Trident\/7.0; rv:11.0) like Gecko","userId":"9"}
{"artist":"Leona Lewis","auth":"Logged In","firstName":"Chloe","gender":"F","itemInSession":0,"lastName":"Cuevas","length":203.88526,"level":"paid","location":"San Francisco-Oakland-Hayward, CA","method":"PUT","page":"NextSong","registration":1540940782796.0,"sessionId":916,"song":"Forgive Me","status":200,"ts":1543122348796,"userAgent":"Mozilla\/5.0 (Windows NT 5.1; rv:31.0) Gecko\/20100101 Firefox\/31.0","userId":"49"}
{"artist":"Nine Inch Nails","auth":"Logged In","firstName":"Chloe","gender":"F","itemInSession":1,"lastName":"Cuevas","length":277.83791,"level":"paid","location":"San Francisco-Oakland-Hayward, CA","method":"PUT","page":"NextSong","registration":1540940782796.0,"sessionId":916,"song":"La Mer","status":200,"ts":1543122551796,"userAgent":"Mozilla\/5.0 (Windows NT 5.1; rv:31.0) Gecko\/20100101 Firefox\/31.0","userId":"49"}
{"artist":"Audioslave","auth":"Logged In","firstName":"Chloe","gender":"F","itemInSession":2,"lastName":"Cuevas","length":334.91546,"level":"paid","location":"San Francisco-Oakland-Hayward, CA","method":"PUT","page":"NextSong","registration":1540940782796.0,"sessionId":916,"song":"I Am The Highway","status":200,"ts":1543122828796,"userAgent":"Mozilla\/5.0 (Windows NT 5.1; rv:31.0) Gecko\/20100101 Firefox\/31.0","userId":"49"}
{"artist":"Kid Rock","auth":"Logged In","firstName":"Chloe","gender":"F","itemInSession":3,"lastName":"Cuevas","length":296.95955,"level":"paid","location":"San Francisco-Oakland-Hayward, CA","method":"PUT","page":"NextSong","registration":1540940782796.0,"sessionId":916,"song":"All Summer Long (Album Version)","status":200,"ts":1543123162796,"userAgent":"Mozilla\/5.0 (Windows NT 5.1; rv:31.0) Gecko\/20100101 Firefox\/31.0","userId":"49"}
{"artist":"The Jets","auth":"Logged In","firstName":"Chloe","gender":"F","itemInSession":4,"lastName":"Cuevas","length":220.89098,"level":"paid","location":"San Francisco-Oakland-Hayward, CA","method":"PUT","page":"NextSong","registration":1540940782796.0,"sessionId":916,"song":"I Do You","status":200,"ts":1543123458796,"userAgent":"Mozilla\/5.0 (Windows NT 5.1; rv:31.0) Gecko\/20100101 Firefox\/31.0","userId":"49"}
{"artist":"The Gerbils","auth":"Logged In","firstName":"Chloe","gender":"F","itemInSession":5,"lastName":"Cuevas","length":27.01016,"level":"paid","location":"San Francisco-Oakland-Hayward, CA","method":"PUT","page":"NextSong","registration":1540940782796.0,"sessionId":916,"song":"(iii)","status":200,"ts":1543123678796,"userAgent":"Mozilla\/5.0 (Windows NT 5.1; rv:31.0) Gecko\/20100101 Firefox\/31.0","userId":"49"}
{"artist":"Damian Marley \/ Stephen Marley \/ Yami Bolo","auth":"Logged In","firstName":"Chloe","gender":"F","itemInSession":6,"lastName":"Cuevas","length":304.69179,"level":"paid","location":"San Francisco-Oakland-Hayward, CA","method":"PUT","page":"NextSong","registration":1540940782796.0,"sessionId":916,"song":"Still Searching","status":200,"ts":1543123705796,"userAgent":"Mozilla\/5.0 (Windows NT 5.1; rv:31.0) Gecko\/20100101 Firefox\/31.0","userId":"49"}
{"artist":null,"auth":"Logged In","firstName":"Chloe","gender":"F","itemInSession":7,"lastName":"Cuevas","length":null,"level":"paid","location":"San Francisco-Oakland-Hayward, CA","method":"GET","page":"Home","registration":1540940782796.0,"sessionId":916,"song":null,"status":200,"ts":1543124166796,"userAgent":"Mozilla\/5.0 (Windows NT 5.1; rv:31.0) Gecko\/20100101 Firefox\/31.0","userId":"49"}
{"artist":"The Bloody Beetroots","auth":"Logged In","firstName":"Chloe","gender":"F","itemInSession":8,"lastName":"Cuevas","length":201.97832,"level":"paid","location":"San Francisco-Oakland-Hayward, CA","method":"PUT","page":"NextSong","registration":1540940782796.0,"sessionId":916,"song":"Warp 1.9 (feat. Steve Aoki)","status":200,"ts":1543124951796,"userAgent":"Mozilla\/5.0 (Windows NT 5.1; rv:31.0) Gecko\/20100101 Firefox\/31.0","userId":"49"}
{"artist":null,"auth":"Logged In","firstName":"Chloe","gender":"F","itemInSession":9,"lastName":"Cuevas","length":null,"level":"paid","location":"San Francisco-Oakland-Hayward, CA","method":"GET","page":"Home","registration":1540940782796.0,"sessionId":916,"song":null,"status":200,"ts":1543125120796,"userAgent":"Mozilla\/5.0 (Windows NT 5.1; rv:31.0) Gecko\/20100101 Firefox\/31.0","userId":"49"}
{"artist":"The Specials","auth":"Logged In","firstName":"Chloe","gender":"F","itemInSession":10,"lastName":"Cuevas","length":188.81261,"level":"paid","location":"San Francisco-Oakland-Hayward, CA","method":"PUT","page":"NextSong","registration":1540940782796.0,"sessionId":916,"song":"Rat Race","status":200,"ts":1543125152796,"userAgent":"Mozilla\/5.0 (Windows NT 5.1; rv:31.0) Gecko\/20100101 Firefox\/31.0","userId":"49"}
{"artist":"The Lively Ones","auth":"Logged In","firstName":"Chloe","gender":"F","itemInSession":11,"lastName":"Cuevas","length":142.52363,"level":"paid","location":"San Francisco-Oakland-Hayward, CA","method":"PUT","page":"NextSong","registration":1540940782796.0,"sessionId":916,"song":"Walkin' The Board (LP Version)","status":200,"ts":1543125340796,"userAgent":"Mozilla\/5.0 (Windows NT 5.1; rv:31.0) Gecko\/20100101 Firefox\/31.0","userId":"49"}
{"artist":"Katie Melua","auth":"Logged In","firstName":"Chloe","gender":"F","itemInSession":12,"lastName":"Cuevas","length":252.78649,"level":"paid","location":"San Francisco-Oakland-Hayward, CA","method":"PUT","page":"NextSong","registration":1540940782796.0,"sessionId":916,"song":"Blues In The Night","status":200,"ts":1543125482796,"userAgent":"Mozilla\/5.0 (Windows NT 5.1; rv:31.0) Gecko\/20100101 Firefox\/31.0","userId":"49"}
{"artist":"Jason Mraz","auth":"Logged In","firstName":"Chloe","gender":"F","itemInSession":13,"lastName":"Cuevas","length":243.48689,"level":"paid","location":"San Francisco-Oakland-Hayward, CA","method":"PUT","page":"NextSong","registration":1540940782796.0,"sessionId":916,"song":"I'm Yours (Album Version)","status":200,"ts":1543125734796,"userAgent":"Mozilla\/5.0 (Windows NT 5.1; rv:31.0) Gecko\/20100101 Firefox\/31.0","userId":"49"}
{"artist":"Fisher","auth":"Logged In","firstName":"Chloe","gender":"F","itemInSession":14,"lastName":"Cuevas","length":133.98159,"level":"paid","location":"San Francisco-Oakland-Hayward, CA","method":"PUT","page":"NextSong","registration":1540940782796.0,"sessionId":916,"song":"Rianna","status":200,"ts":1543125977796,"userAgent":"Mozilla\/5.0 (Windows NT 5.1; rv:31.0) Gecko\/20100101 Firefox\/31.0","userId":"49"}
{"artist":"Zee Avi","auth":"Logged In","firstName":"Chloe","gender":"F","itemInSession":15,"lastName":"Cuevas","length":160.62649,"level":"paid","location":"San Francisco-Oakland-Hayward, CA","method":"PUT","page":"NextSong","registration":1540940782796.0,"sessionId":916,"song":"No Christmas For Me","status":200,"ts":1543126110796,"userAgent":"Mozilla\/5.0 (Windows NT 5.1; rv:31.0) Gecko\/20100101 Firefox\/31.0","userId":"49"}
{"artist":"Black Eyed Peas","auth":"Logged In","firstName":"Chloe","gender":"F","itemInSession":16,"lastName":"Cuevas","length":289.12281,"level":"paid","location":"San Francisco-Oakland-Hayward, CA","method":"PUT","page":"NextSong","registration":1540940782796.0,"sessionId":916,"song":"I Gotta Feeling","status":200,"ts":1543126270796,"userAgent":"Mozilla\/5.0 (Windows NT 5.1; rv:31.0) Gecko\/20100101 Firefox\/31.0","userId":"49"}
{"artist":"Emiliana Torrini","auth":"Logged In","firstName":"Chloe","gender":"F","itemInSession":17,"lastName":"Cuevas","length":184.29342,"level":"paid","location":"San Francisco-Oakland-Hayward, CA","method":"PUT","page":"NextSong","registration":1540940782796.0,"sessionId":916,"song":"Sunny Road","status":200,"ts":1543126559796,"userAgent":"Mozilla\/5.0 (Windows NT 5.1; rv:31.0) Gecko\/20100101 Firefox\/31.0","userId":"49"}
{"artist":null,"auth":"Logged In","firstName":"Chloe","gender":"F","itemInSession":18,"lastName":"Cuevas","length":null,"level":"paid","location":"San Francisco-Oakland-Hayward, CA","method":"GET","page":"Home","registration":1540940782796.0,"sessionId":916,"song":null,"status":200,"ts":1543126820796,"userAgent":"Mozilla\/5.0 (Windows NT 5.1; rv:31.0) Gecko\/20100101 Firefox\/31.0","userId":"49"}
{"artist":"Days Of The New","auth":"Logged In","firstName":"Chloe","gender":"F","itemInSession":19,"lastName":"Cuevas","length":258.5073,"level":"paid","location":"San Francisco-Oakland-Hayward, CA","method":"PUT","page":"NextSong","registration":1540940782796.0,"sessionId":916,"song":"The Down Town","status":200,"ts":1543128418796,"userAgent":"Mozilla\/5.0 (Windows NT 5.1; rv:31.0) Gecko\/20100101 Firefox\/31.0","userId":"49"}
{"artist":"Julio Iglesias duet with Willie Nelson","auth":"Logged In","firstName":"Chloe","gender":"F","itemInSession":20,"lastName":"Cuevas","length":212.16608,"level":"paid","location":"San Francisco-Oakland-Hayward, CA","method":"PUT","page":"NextSong","registration":1540940782796.0,"sessionId":916,"song":"To All The Girls I've Loved Before (With Julio Iglesias)","status":200,"ts":1543128676796,"userAgent":"Mozilla\/5.0 (Windows NT 5.1; rv:31.0) Gecko\/20100101 Firefox\/31.0","userId":"49"}
{"artist":null,"auth":"Logged In","firstName":"Jacqueline","gender":"F","itemInSession":0,"lastName":"Lynch","length":null,"level":"paid","location":"Atlanta-Sandy Springs-Roswell, GA","method":"GET","page":"Home","registration":1540223723796.0,"sessionId":914,"song":null,"status":200,"ts":1543133256796,"userAgent":"\"Mozilla\/5.0 (Macintosh; Intel Mac OS X 10_9_4) AppleWebKit\/537.78.2 (KHTML, like Gecko) Version\/7.0.6 Safari\/537.78.2\"","userId":"29"}
{"artist":"Jason Mraz & Colbie Caillat","auth":"Logged In","firstName":"Chloe","gender":"F","itemInSession":0,"lastName":"Roth","length":189.6224,"level":"free","location":"Indianapolis-Carmel-Anderson, IN","method":"PUT","page":"NextSong","registration":1540699429796.0,"sessionId":704,"song":"Lucky (Album Version)","status":200,"ts":1543135208796,"userAgent":"Mozilla\/5.0 (Windows NT 6.1; rv:31.0) Gecko\/20100101 Firefox\/31.0","userId":"78"}
{"artist":null,"auth":"Logged In","firstName":"Anabelle","gender":"F","itemInSession":0,"lastName":"Simpson","length":null,"level":"free","location":"Philadelphia-Camden-Wilmington, PA-NJ-DE-MD","method":"GET","page":"Home","registration":1541044398796.0,"sessionId":901,"song":null,"status":200,"ts":1543145299796,"userAgent":"\"Mozilla\/5.0 (Macintosh; Intel Mac OS X 10_9_4) AppleWebKit\/537.36 (KHTML, like Gecko) Chrome\/36.0.1985.125 Safari\/537.36\"","userId":"69"}
{"artist":"R. Kelly","auth":"Logged In","firstName":"Anabelle","gender":"F","itemInSession":1,"lastName":"Simpson","length":234.39628,"level":"free","location":"Philadelphia-Camden-Wilmington, PA-NJ-DE-MD","method":"PUT","page":"NextSong","registration":1541044398796.0,"sessionId":901,"song":"The World's Greatest","status":200,"ts":1543145305796,"userAgent":"\"Mozilla\/5.0 (Macintosh; Intel Mac OS X 10_9_4) AppleWebKit\/537.36 (KHTML, like Gecko) Chrome\/36.0.1985.125 Safari\/537.36\"","userId":"69"}
{"artist":null,"auth":"Logged In","firstName":"Kynnedi","gender":"F","itemInSession":0,"lastName":"Sanchez","length":null,"level":"free","location":"Cedar Rapids, IA","method":"GET","page":"Home","registration":1541079034796.0,"sessionId":804,"song":null,"status":200,"ts":1543151224796,"userAgent":"\"Mozilla\/5.0 (Macintosh; Intel Mac OS X 10_8_5) AppleWebKit\/537.36 (KHTML, like Gecko) Chrome\/36.0.1985.125 Safari\/537.36\"","userId":"89"}
{"artist":"Jacky Terrasson","auth":"Logged In","firstName":"Marina","gender":"F","itemInSession":0,"lastName":"Sutton","length":342.7522,"level":"free","location":"Salinas, CA","method":"PUT","page":"NextSong","registration":1541064343796.0,"sessionId":373,"song":"Le Jardin d'Hiver","status":200,"ts":1543154200796,"userAgent":"\"Mozilla\/5.0 (Macintosh; Intel Mac OS X 10_9_4) AppleWebKit\/537.36 (KHTML, like Gecko) Chrome\/36.0.1985.143 Safari\/537.36\"","userId":"48"}
{"artist":"Papa Roach","auth":"Logged In","firstName":"Theodore","gender":"M","itemInSession":0,"lastName":"Harris","length":202.1873,"level":"free","location":"Red Bluff, CA","method":"PUT","page":"NextSong","registration":1541097374796.0,"sessionId":813,"song":"Alive","status":200,"ts":1543155228796,"userAgent":"Mozilla\/5.0 (Windows NT 6.1; WOW64; rv:31.0) Gecko\/20100101 Firefox\/31.0","userId":"14"}
{"artist":"Burt Bacharach","auth":"Logged In","firstName":"Theodore","gender":"M","itemInSession":1,"lastName":"Harris","length":156.96934,"level":"free","location":"Red Bluff, CA","method":"PUT","page":"NextSong","registration":1541097374796.0,"sessionId":813,"song":"Casino Royale Theme (Main Title)","status":200,"ts":1543155430796,"userAgent":"Mozilla\/5.0 (Windows NT 6.1; WOW64; rv:31.0) Gecko\/20100101 Firefox\/31.0","userId":"14"}
{"artist":null,"auth":"Logged In","firstName":"Chloe","gender":"F","itemInSession":0,"lastName":"Cuevas","length":null,"level":"paid","location":"San Francisco-Oakland-Hayward, CA","method":"GET","page":"Home","registration":1540940782796.0,"sessionId":923,"song":null,"status":200,"ts":1543161483796,"userAgent":"Mozilla\/5.0 (Windows NT 5.1; rv:31.0) Gecko\/20100101 Firefox\/31.0","userId":"49"}
{"artist":"Floetry","auth":"Logged In","firstName":"Chloe","gender":"F","itemInSession":1,"lastName":"Cuevas","length":254.48444,"level":"paid","location":"San Francisco-Oakland-Hayward, CA","method":"PUT","page":"NextSong","registration":1540940782796.0,"sessionId":923,"song":"Sunshine","status":200,"ts":1543161985796,"userAgent":"Mozilla\/5.0 (Windows NT 5.1; rv:31.0) Gecko\/20100101 Firefox\/31.0","userId":"49"}
{"artist":"The Rakes","auth":"Logged In","firstName":"Chloe","gender":"F","itemInSession":2,"lastName":"Cuevas","length":225.2273,"level":"paid","location":"San Francisco-Oakland-Hayward, CA","method":"PUT","page":"NextSong","registration":1540940782796.0,"sessionId":923,"song":"Leave The City And Come Home","status":200,"ts":1543162239796,"userAgent":"Mozilla\/5.0 (Windows NT 5.1; rv:31.0) Gecko\/20100101 Firefox\/31.0","userId":"49"}
{"artist":"Dwight Yoakam","auth":"Logged In","firstName":"Chloe","gender":"F","itemInSession":3,"lastName":"Cuevas","length":239.3073,"level":"paid","location":"San Francisco-Oakland-Hayward, CA","method":"PUT","page":"NextSong","registration":1540940782796.0,"sessionId":923,"song":"You're The One","status":200,"ts":1543162464796,"userAgent":"Mozilla\/5.0 (Windows NT 5.1; rv:31.0) Gecko\/20100101 Firefox\/31.0","userId":"49"}
{"artist":"Ween","auth":"Logged In","firstName":"Chloe","gender":"F","itemInSession":4,"lastName":"Cuevas","length":228.10077,"level":"paid","location":"San Francisco-Oakland-Hayward, CA","method":"PUT","page":"NextSong","registration":1540940782796.0,"sessionId":923,"song":"Voodoo Lady","status":200,"ts":1543162703796,"userAgent":"Mozilla\/5.0 (Windows NT 5.1; rv:31.0) Gecko\/20100101 Firefox\/31.0","userId":"49"}
{"artist":"Caf\u00c3\u0083\u00c2\u00a9 Quijano","auth":"Logged In","firstName":"Chloe","gender":"F","itemInSession":5,"lastName":"Cuevas","length":197.32853,"level":"paid","location":"San Francisco-Oakland-Hayward, CA","method":"PUT","page":"NextSong","registration":1540940782796.0,"sessionId":923,"song":"La Lola","status":200,"ts":1543162931796,"userAgent":"Mozilla\/5.0 (Windows NT 5.1; rv:31.0) Gecko\/20100101 Firefox\/31.0","userId":"49"}
{"artist":null,"auth":"Logged In","firstName":"Chloe","gender":"F","itemInSession":0,"lastName":"Roth","length":null,"level":"free","location":"Indianapolis-Carmel-Anderson, IN","method":"GET","page":"Home","registration":1540699429796.0,"sessionId":925,"song":null,"status":200,"ts":1543166945796,"userAgent":"Mozilla\/5.0 (Windows NT 6.1; rv:31.0) Gecko\/20100101 Firefox\/31.0","userId":"78"}
{"artist":"Parov Stelar","auth":"Logged In","firstName":"Chloe","gender":"F","itemInSession":1,"lastName":"Roth","length":203.65016,"level":"free","location":"Indianapolis-Carmel-Anderson, IN","method":"PUT","page":"NextSong","registration":1540699429796.0,"sessionId":925,"song":"Good Bye Emily (feat. Gabriella Hanninen)","status":200,"ts":1543166945796,"userAgent":"Mozilla\/5.0 (Windows NT 6.1; rv:31.0) Gecko\/20100101 Firefox\/31.0","userId":"78"}
{"artist":null,"auth":"Logged In","firstName":"Chloe","gender":"F","itemInSession":2,"lastName":"Roth","length":null,"level":"free","location":"Indianapolis-Carmel-Anderson, IN","method":"GET","page":"Home","registration":1540699429796.0,"sessionId":925,"song":null,"status":200,"ts":1543166953796,"userAgent":"Mozilla\/5.0 (Windows NT 6.1; rv:31.0) Gecko\/20100101 Firefox\/31.0","userId":"78"}
{"artist":null,"auth":"Logged In","firstName":"Tegan","gender":"F","itemInSession":0,"lastName":"Levine","length":null,"level":"paid","location":"Portland-South Portland, ME","method":"GET","page":"Home","registration":1540794356796.0,"sessionId":915,"song":null,"status":200,"ts":1543169974796,"userAgent":"\"Mozilla\/5.0 (Macintosh; Intel Mac OS X 10_9_4) AppleWebKit\/537.36 (KHTML, like Gecko) Chrome\/36.0.1985.143 Safari\/537.36\"","userId":"80"}
{"artist":"Bryan Adams","auth":"Logged In","firstName":"Tegan","gender":"F","itemInSession":1,"lastName":"Levine","length":166.29506,"level":"paid","location":"Portland-South Portland, ME","method":"PUT","page":"NextSong","registration":1540794356796.0,"sessionId":915,"song":"I Will Always Return","status":200,"ts":1543170092796,"userAgent":"\"Mozilla\/5.0 (Macintosh; Intel Mac OS X 10_9_4) AppleWebKit\/537.36 (KHTML, like Gecko) Chrome\/36.0.1985.143 Safari\/537.36\"","userId":"80"}
{"artist":"KT Tunstall","auth":"Logged In","firstName":"Tegan","gender":"F","itemInSession":2,"lastName":"Levine","length":192.31302,"level":"paid","location":"Portland-South Portland, ME","method":"PUT","page":"NextSong","registration":1540794356796.0,"sessionId":915,"song":"White Bird","status":200,"ts":1543170258796,"userAgent":"\"Mozilla\/5.0 (Macintosh; Intel Mac OS X 10_9_4) AppleWebKit\/537.36 (KHTML, like Gecko) Chrome\/36.0.1985.143 Safari\/537.36\"","userId":"80"}
{"artist":"Technicolour","auth":"Logged In","firstName":"Tegan","gender":"F","itemInSession":3,"lastName":"Levine","length":235.12771,"level":"paid","location":"Portland-South Portland, ME","method":"PUT","page":"NextSong","registration":1540794356796.0,"sessionId":915,"song":"Turn Away","status":200,"ts":1543170450796,"userAgent":"\"Mozilla\/5.0 (Macintosh; Intel Mac OS X 10_9_4) AppleWebKit\/537.36 (KHTML, like Gecko) Chrome\/36.0.1985.143 Safari\/537.36\"","userId":"80"}
{"artist":"The Dears","auth":"Logged In","firstName":"Tegan","gender":"F","itemInSession":4,"lastName":"Levine","length":289.95873,"level":"paid","location":"Portland-South Portland, ME","method":"PUT","page":"NextSong","registration":1540794356796.0,"sessionId":915,"song":"Lost In The Plot","status":200,"ts":1543170685796,"userAgent":"\"Mozilla\/5.0 (Macintosh; Intel Mac OS X 10_9_4) AppleWebKit\/537.36 (KHTML, like Gecko) Chrome\/36.0.1985.143 Safari\/537.36\"","userId":"80"}
{"artist":"Go West","auth":"Logged In","firstName":"Tegan","gender":"F","itemInSession":5,"lastName":"Levine","length":259.49995,"level":"paid","location":"Portland-South Portland, ME","method":"PUT","page":"NextSong","registration":1540794356796.0,"sessionId":915,"song":"Never Let Them See You Sweat","status":200,"ts":1543170974796,"userAgent":"\"Mozilla\/5.0 (Macintosh; Intel Mac OS X 10_9_4) AppleWebKit\/537.36 (KHTML, like Gecko) Chrome\/36.0.1985.143 Safari\/537.36\"","userId":"80"}
{"artist":null,"auth":"Logged In","firstName":"Tegan","gender":"F","itemInSession":6,"lastName":"Levine","length":null,"level":"paid","location":"Portland-South Portland, ME","method":"PUT","page":"Logout","registration":1540794356796.0,"sessionId":915,"song":null,"status":307,"ts":1543170975796,"userAgent":"\"Mozilla\/5.0 (Macintosh; Intel Mac OS X 10_9_4) AppleWebKit\/537.36 (KHTML, like Gecko) Chrome\/36.0.1985.143 Safari\/537.36\"","userId":"80"}
{"artist":null,"auth":"Logged In","firstName":"Sylvie","gender":"F","itemInSession":0,"lastName":"Cruz","length":null,"level":"free","location":"Washington-Arlington-Alexandria, DC-VA-MD-WV","method":"GET","page":"Home","registration":1540266185796.0,"sessionId":912,"song":null,"status":200,"ts":1543170999796,"userAgent":"\"Mozilla\/5.0 (Macintosh; Intel Mac OS X 10_9_4) AppleWebKit\/537.77.4 (KHTML, like Gecko) Version\/7.0.5 Safari\/537.77.4\"","userId":"10"}
{"artist":null,"auth":"Logged Out","firstName":null,"gender":null,"itemInSession":7,"lastName":null,"length":null,"level":"paid","location":null,"method":"GET","page":"Home","registration":null,"sessionId":915,"song":null,"status":200,"ts":1543171228796,"userAgent":null,"userId":""}
{"artist":"Gondwana","auth":"Logged In","firstName":"Jordan","gender":"F","itemInSession":0,"lastName":"Hicks","length":262.5824,"level":"free","location":"Salinas, CA","method":"PUT","page":"NextSong","registration":1540008898796.0,"sessionId":814,"song":"Mi Princesa","status":200,"ts":1543189690796,"userAgent":"\"Mozilla\/5.0 (Macintosh; Intel Mac OS X 10_9_4) AppleWebKit\/537.78.2 (KHTML, like Gecko) Version\/7.0.6 Safari\/537.78.2\"","userId":"37"}
{"artist":null,"auth":"Logged In","firstName":"Kevin","gender":"M","itemInSession":0,"lastName":"Arellano","length":null,"level":"free","location":"Harrisburg-Carlisle, PA","method":"GET","page":"Home","registration":1540006905796.0,"sessionId":855,"song":null,"status":200,"ts":1543189812796,"userAgent":"\"Mozilla\/5.0 (Macintosh; Intel Mac OS X 10_9_4) AppleWebKit\/537.36 (KHTML, like Gecko) Chrome\/36.0.1985.125 Safari\/537.36\"","userId":"66"}
{"artist":"Ella Fitzgerald","auth":"Logged In","firstName":"Jordan","gender":"F","itemInSession":1,"lastName":"Hicks","length":427.15383,"level":"free","location":"Salinas, CA","method":"PUT","page":"NextSong","registration":1540008898796.0,"sessionId":814,"song":"On Green Dolphin Street (Medley) (1999 Digital Remaster)","status":200,"ts":1543189952796,"userAgent":"\"Mozilla\/5.0 (Macintosh; Intel Mac OS X 10_9_4) AppleWebKit\/537.78.2 (KHTML, like Gecko) Version\/7.0.6 Safari\/537.78.2\"","userId":"37"}
{"artist":"Creedence Clearwater Revival","auth":"Logged In","firstName":"Jordan","gender":"F","itemInSession":2,"lastName":"Hicks","length":184.73751,"level":"free","location":"Salinas, CA","method":"PUT","page":"NextSong","registration":1540008898796.0,"sessionId":814,"song":"Run Through The Jungle","status":200,"ts":1543190379796,"userAgent":"\"Mozilla\/5.0 (Macintosh; Intel Mac OS X 10_9_4) AppleWebKit\/537.78.2 (KHTML, like Gecko) Version\/7.0.6 Safari\/537.78.2\"","userId":"37"}